service_id,monday,tuesday,wednesday,thursday,friday,saturday,sunday,start_date,end_date
100010650,1,1,1,1,1,0,0,20260825,20261231
100010710,1,1,1,1,1,0,0,20260825,20261231
100010731,1,1,1,1,1,0,0,20260825,20261231
100010758,1,1,1,1,1,0,0,20260825,20261231
100010825,1,1,1,1,1,0,0,20260825,20261231
100010852,1,1,1,1,1,0,0,20260825,20261231
100010919,1,1,1,1,1,0,0,20260825,20261231
100010946,1,1,1,1,1,0,0,20260825,20261231
100011013,1,1,1,1,1,0,0,20260825,20261231
100011040,1,1,1,1,1,0,0,20260825,20261231
100011107,1,1,1,1,1,0,0,20260825,20261231
100011134,1,1,1,1,1,0,0,20260825,20261231
100011201,1,1,1,1,1,0,0,20260825,20261231
100011228,1,1,1,1,1,0,0,20260825,20261231
100011255,1,1,1,1,1,0,0,20260825,20261231
100011322,1,1,1,1,1,0,0,20260825,20261231
100011349,1,1,1,1,1,0,0,20260825,20261231
100011416,1,1,1,1,1,0,0,20260825,20261231
100011443,1,1,1,1,1,0,0,20260825,20261231
100011510,1,1,1,1,1,0,0,20260825,20261231
100011537,1,1,1,1,1,0,0,20260825,20261231
100011604,1,1,1,1,1,0,0,20260825,20261231
100011631,1,1,1,1,1,0,0,20260825,20261231
100011658,1,1,1,1,1,0,0,20260825,20261231
100011725,1,1,1,1,1,0,0,20260825,20261231
100011752,1,1,1,1,1,0,0,20260825,20261231
100011819,1,1,1,1,1,0,0,20260825,20261231
100011846,1,1,1,1,1,0,0,20260825,20261231
100011913,1,1,1,1,1,0,0,20260825,20261231
100011940,1,1,1,1,1,0,0,20260825,20261231
100012007,1,1,1,1,1,0,0,20260825,20261231
100012034,1,1,1,1,1,0,0,20260825,20261231
100012101,1,1,1,1,1,0,0,20260825,20261231
100012128,1,1,1,1,1,0,0,20260825,20261231
100020645,0,0,0,0,0,1,0,20260825,20261231
100020705,0,0,0,0,0,1,0,20260825,20261231
100020725,0,0,0,0,0,1,0,20260825,20261231
100020750,0,0,0,0,0,1,0,20260825,20261231
100020815,0,0,0,0,0,1,0,20260825,20261231
100020840,0,0,0,0,0,1,0,20260825,20261231
100020905,0,0,0,0,0,1,0,20260825,20261231
100020930,0,0,0,0,0,1,0,20260825,20261231
100020955,0,0,0,0,0,1,0,20260825,20261231
100021020,0,0,0,0,0,1,0,20260825,20261231
100021045,0,0,0,0,0,1,0,20260825,20261231
100021110,0,0,0,0,0,1,0,20260825,20261231
100021135,0,0,0,0,0,1,0,20260825,20261231
100021200,0,0,0,0,0,1,0,20260825,20261231
100021225,0,0,0,0,0,1,0,20260825,20261231
100021250,0,0,0,0,0,1,0,20260825,20261231
100021315,0,0,0,0,0,1,0,20260825,20261231
100021340,0,0,0,0,0,1,0,20260825,20261231
100021405,0,0,0,0,0,1,0,20260825,20261231
100021430,0,0,0,0,0,1,0,20260825,20261231
100021455,0,0,0,0,0,1,0,20260825,20261231
100021520,0,0,0,0,0,1,0,20260825,20261231
100021545,0,0,0,0,0,1,0,20260825,20261231
100021610,0,0,0,0,0,1,0,20260825,20261231
100021635,0,0,0,0,0,1,0,20260825,20261231
100021700,0,0,0,0,0,1,0,20260825,20261231
100021725,0,0,0,0,0,1,0,20260825,20261231
100021750,0,0,0,0,0,1,0,20260825,20261231
100021815,0,0,0,0,0,1,0,20260825,20261231
100021840,0,0,0,0,0,1,0,20260825,20261231
100021905,0,0,0,0,0,1,0,20260825,20261231
100021930,0,0,0,0,0,1,0,20260825,20261231
100021955,0,0,0,0,0,1,0,20260825,20261231
100022020,0,0,0,0,0,1,0,20260825,20261231
100022045,0,0,0,0,0,1,0,20260825,20261231
100022110,0,0,0,0,0,1,0,20260825,20261231
100022135,0,0,0,0,0,1,0,20260825,20261231
100022200,0,0,0,0,0,1,0,20260825,20261231
100030750,0,0,0,0,0,0,1,20260825,20261231
100030810,0,0,0,0,0,0,1,20260825,20261231
100030830,0,0,0,0,0,0,1,20260825,20261231
100030850,0,0,0,0,0,0,1,20260825,20261231
100030910,0,0,0,0,0,0,1,20260825,20261231
100030930,0,0,0,0,0,0,1,20260825,20261231
100030950,0,0,0,0,0,0,1,20260825,20261231
100031010,0,0,0,0,0,0,1,20260825,20261231
100031030,0,0,0,0,0,0,1,20260825,20261231
100031055,0,0,0,0,0,0,1,20260825,20261231
100031120,0,0,0,0,0,0,1,20260825,20261231
100031145,0,0,0,0,0,0,1,20260825,20261231
100031210,0,0,0,0,0,0,1,20260825,20261231
100031235,0,0,0,0,0,0,1,20260825,20261231
100031300,0,0,0,0,0,0,1,20260825,20261231
100031325,0,0,0,0,0,0,1,20260825,20261231
100031350,0,0,0,0,0,0,1,20260825,20261231
100031415,0,0,0,0,0,0,1,20260825,20261231
100031440,0,0,0,0,0,0,1,20260825,20261231
100031505,0,0,0,0,0,0,1,20260825,20261231
100031530,0,0,0,0,0,0,1,20260825,20261231
100031555,0,0,0,0,0,0,1,20260825,20261231
100031620,0,0,0,0,0,0,1,20260825,20261231
100031645,0,0,0,0,0,0,1,20260825,20261231
100031710,0,0,0,0,0,0,1,20260825,20261231
100031735,0,0,0,0,0,0,1,20260825,20261231
100031800,0,0,0,0,0,0,1,20260825,20261231
100031825,0,0,0,0,0,0,1,20260825,20261231
100031850,0,0,0,0,0,0,1,20260825,20261231
100031915,0,0,0,0,0,0,1,20260825,20261231
100031940,0,0,0,0,0,0,1,20260825,20261231
100032005,0,0,0,0,0,0,1,20260825,20261231
100032030,0,0,0,0,0,0,1,20260825,20261231
100032055,0,0,0,0,0,0,1,20260825,20261231
100032120,0,0,0,0,0,0,1,20260825,20261231
100032145,0,0,0,0,0,0,1,20260825,20261231
100032210,0,0,0,0,0,0,1,20260825,20261231
100032235,0,0,0,0,0,0,1,20260825,20261231
100032300,0,0,0,0,0,0,1,20260825,20261231
101010727,1,1,1,1,1,0,0,20260825,20261231
101010749,1,1,1,1,1,0,0,20260825,20261231
101010816,1,1,1,1,1,0,0,20260825,20261231
101010843,1,1,1,1,1,0,0,20260825,20261231
101010910,1,1,1,1,1,0,0,20260825,20261231
101010937,1,1,1,1,1,0,0,20260825,20261231
101011004,1,1,1,1,1,0,0,20260825,20261231
101011031,1,1,1,1,1,0,0,20260825,20261231
101011058,1,1,1,1,1,0,0,20260825,20261231
101011125,1,1,1,1,1,0,0,20260825,20261231
101011152,1,1,1,1,1,0,0,20260825,20261231
101011219,1,1,1,1,1,0,0,20260825,20261231
101011246,1,1,1,1,1,0,0,20260825,20261231
101011313,1,1,1,1,1,0,0,20260825,20261231
101011340,1,1,1,1,1,0,0,20260825,20261231
101011407,1,1,1,1,1,0,0,20260825,20261231
101011434,1,1,1,1,1,0,0,20260825,20261231
101011501,1,1,1,1,1,0,0,20260825,20261231
101011528,1,1,1,1,1,0,0,20260825,20261231
101011555,1,1,1,1,1,0,0,20260825,20261231
101011622,1,1,1,1,1,0,0,20260825,20261231
101011649,1,1,1,1,1,0,0,20260825,20261231
101011716,1,1,1,1,1,0,0,20260825,20261231
101011743,1,1,1,1,1,0,0,20260825,20261231
101011810,1,1,1,1,1,0,0,20260825,20261231
101011837,1,1,1,1,1,0,0,20260825,20261231
101011904,1,1,1,1,1,0,0,20260825,20261231
101011931,1,1,1,1,1,0,0,20260825,20261231
101011958,1,1,1,1,1,0,0,20260825,20261231
101012025,1,1,1,1,1,0,0,20260825,20261231
101012052,1,1,1,1,1,0,0,20260825,20261231
101012119,1,1,1,1,1,0,0,20260825,20261231
101012145,1,1,1,1,1,0,0,20260825,20261231
101012210,1,1,1,1,1,0,0,20260825,20261231
101012235,1,1,1,1,1,0,0,20260825,20261231
101020725,0,0,0,0,0,1,0,20260825,20261231
101020750,0,0,0,0,0,1,0,20260825,20261231
101020815,0,0,0,0,0,1,0,20260825,20261231
101020840,0,0,0,0,0,1,0,20260825,20261231
101020905,0,0,0,0,0,1,0,20260825,20261231
101020930,0,0,0,0,0,1,0,20260825,20261231
101020955,0,0,0,0,0,1,0,20260825,20261231
101021020,0,0,0,0,0,1,0,20260825,20261231
101021045,0,0,0,0,0,1,0,20260825,20261231
101021110,0,0,0,0,0,1,0,20260825,20261231
101021135,0,0,0,0,0,1,0,20260825,20261231
101021200,0,0,0,0,0,1,0,20260825,20261231
101021225,0,0,0,0,0,1,0,20260825,20261231
101021250,0,0,0,0,0,1,0,20260825,20261231
101021315,0,0,0,0,0,1,0,20260825,20261231
101021340,0,0,0,0,0,1,0,20260825,20261231
101021405,0,0,0,0,0,1,0,20260825,20261231
101021430,0,0,0,0,0,1,0,20260825,20261231
101021455,0,0,0,0,0,1,0,20260825,20261231
101021520,0,0,0,0,0,1,0,20260825,20261231
101021545,0,0,0,0,0,1,0,20260825,20261231
101021610,0,0,0,0,0,1,0,20260825,20261231
101021635,0,0,0,0,0,1,0,20260825,20261231
101021700,0,0,0,0,0,1,0,20260825,20261231
101021725,0,0,0,0,0,1,0,20260825,20261231
101021750,0,0,0,0,0,1,0,20260825,20261231
101021815,0,0,0,0,0,1,0,20260825,20261231
101021840,0,0,0,0,0,1,0,20260825,20261231
101021905,0,0,0,0,0,1,0,20260825,20261231
101021930,0,0,0,0,0,1,0,20260825,20261231
101021955,0,0,0,0,0,1,0,20260825,20261231
101022020,0,0,0,0,0,1,0,20260825,20261231
101022045,0,0,0,0,0,1,0,20260825,20261231
101022110,0,0,0,0,0,1,0,20260825,20261231
101022135,0,0,0,0,0,1,0,20260825,20261231
101022155,0,0,0,0,0,1,0,20260825,20261231
101022220,0,0,0,0,0,1,0,20260825,20261231
101022240,0,0,0,0,0,1,0,20260825,20261231
101022300,0,0,0,0,0,1,0,20260825,20261231
101030735,0,0,0,0,0,0,1,20260825,20261231
101030750,0,0,0,0,0,0,1,20260825,20261231
101030810,0,0,0,0,0,0,1,20260825,20261231
101030830,0,0,0,0,0,0,1,20260825,20261231
101030850,0,0,0,0,0,0,1,20260825,20261231
101030910,0,0,0,0,0,0,1,20260825,20261231
101030930,0,0,0,0,0,0,1,20260825,20261231
101030950,0,0,0,0,0,0,1,20260825,20261231
101031010,0,0,0,0,0,0,1,20260825,20261231
101031030,0,0,0,0,0,0,1,20260825,20261231
101031055,0,0,0,0,0,0,1,20260825,20261231
101031120,0,0,0,0,0,0,1,20260825,20261231
101031145,0,0,0,0,0,0,1,20260825,20261231
101031210,0,0,0,0,0,0,1,20260825,20261231
101031235,0,0,0,0,0,0,1,20260825,20261231
101031300,0,0,0,0,0,0,1,20260825,20261231
101031325,0,0,0,0,0,0,1,20260825,20261231
101031350,0,0,0,0,0,0,1,20260825,20261231
101031415,0,0,0,0,0,0,1,20260825,20261231
101031440,0,0,0,0,0,0,1,20260825,20261231
101031505,0,0,0,0,0,0,1,20260825,20261231
101031530,0,0,0,0,0,0,1,20260825,20261231
101031555,0,0,0,0,0,0,1,20260825,20261231
101031620,0,0,0,0,0,0,1,20260825,20261231
101031645,0,0,0,0,0,0,1,20260825,20261231
101031710,0,0,0,0,0,0,1,20260825,20261231
101031735,0,0,0,0,0,0,1,20260825,20261231
101031800,0,0,0,0,0,0,1,20260825,20261231
101031825,0,0,0,0,0,0,1,20260825,20261231
101031850,0,0,0,0,0,0,1,20260825,20261231
101031915,0,0,0,0,0,0,1,20260825,20261231
101031940,0,0,0,0,0,0,1,20260825,20261231
101032005,0,0,0,0,0,0,1,20260825,20261231
101032030,0,0,0,0,0,0,1,20260825,20261231
101032055,0,0,0,0,0,0,1,20260825,20261231
101032120,0,0,0,0,0,0,1,20260825,20261231
101032145,0,0,0,0,0,0,1,20260825,20261231
101032210,0,0,0,0,0,0,1,20260825,20261231
101032235,0,0,0,0,0,0,1,20260825,20261231
102010744,1,1,1,1,1,0,0,20260825,20261231
102010807,1,1,1,1,1,0,0,20260825,20261231
102010834,1,1,1,1,1,0,0,20260825,20261231
102010901,1,1,1,1,1,0,0,20260825,20261231
102010928,1,1,1,1,1,0,0,20260825,20261231
102010955,1,1,1,1,1,0,0,20260825,20261231
102011022,1,1,1,1,1,0,0,20260825,20261231
102011049,1,1,1,1,1,0,0,20260825,20261231
102011116,1,1,1,1,1,0,0,20260825,20261231
102011143,1,1,1,1,1,0,0,20260825,20261231
102011210,1,1,1,1,1,0,0,20260825,20261231
102011237,1,1,1,1,1,0,0,20260825,20261231
102011304,1,1,1,1,1,0,0,20260825,20261231
102011331,1,1,1,1,1,0,0,20260825,20261231
102011358,1,1,1,1,1,0,0,20260825,20261231
102011425,1,1,1,1,1,0,0,20260825,20261231
102011452,1,1,1,1,1,0,0,20260825,20261231
102011519,1,1,1,1,1,0,0,20260825,20261231
102011546,1,1,1,1,1,0,0,20260825,20261231
102011613,1,1,1,1,1,0,0,20260825,20261231
102011640,1,1,1,1,1,0,0,20260825,20261231
102011707,1,1,1,1,1,0,0,20260825,20261231
102011734,1,1,1,1,1,0,0,20260825,20261231
102011801,1,1,1,1,1,0,0,20260825,20261231
102011828,1,1,1,1,1,0,0,20260825,20261231
102011855,1,1,1,1,1,0,0,20260825,20261231
102011922,1,1,1,1,1,0,0,20260825,20261231
102011949,1,1,1,1,1,0,0,20260825,20261231
102012016,1,1,1,1,1,0,0,20260825,20261231
102012043,1,1,1,1,1,0,0,20260825,20261231
102012110,1,1,1,1,1,0,0,20260825,20261231
102012137,1,1,1,1,1,0,0,20260825,20261231
102012205,1,1,1,1,1,0,0,20260825,20261231
102012232,1,1,1,1,1,0,0,20260825,20261231
102012300,1,1,1,1,1,0,0,20260825,20261231
200010802,1,1,1,1,1,0,0,20260825,20261231
200010833,1,1,1,1,1,0,0,20260825,20261231
200010900,1,1,1,1,1,0,0,20260825,20261231
200010933,1,1,1,1,1,0,0,20260825,20261231
200011000,1,1,1,1,1,0,0,20260825,20261231
200011033,1,1,1,1,1,0,0,20260825,20261231
200011100,1,1,1,1,1,0,0,20260825,20261231
200011133,1,1,1,1,1,0,0,20260825,20261231
200011200,1,1,1,1,1,0,0,20260825,20261231
200011233,1,1,1,1,1,0,0,20260825,20261231
200011300,1,1,1,1,1,0,0,20260825,20261231
200011333,1,1,1,1,1,0,0,20260825,20261231
200011400,1,1,1,1,1,0,0,20260825,20261231
200011433,1,1,1,1,1,0,0,20260825,20261231
200011500,1,1,1,1,1,0,0,20260825,20261231
200011533,1,1,1,1,1,0,0,20260825,20261231
200011600,1,1,1,1,1,0,0,20260825,20261231
200011633,1,1,1,1,1,0,0,20260825,20261231
200011700,1,1,1,1,1,0,0,20260825,20261231
200011733,1,1,1,1,1,0,0,20260825,20261231
200011800,1,1,1,1,1,0,0,20260825,20261231
200011833,1,1,1,1,1,0,0,20260825,20261231
200011900,1,1,1,1,1,0,0,20260825,20261231
200011933,1,1,1,1,1,0,0,20260825,20261231
200011958,1,1,1,1,1,0,0,20260825,20261231
200012025,1,1,1,1,1,0,0,20260825,20261231
200012050,1,1,1,1,1,0,0,20260825,20261231
200012115,1,1,1,1,1,0,0,20260825,20261231
200012140,1,1,1,1,1,0,0,20260825,20261231
200012202,1,1,1,1,1,0,0,20260825,20261231
200012228,1,1,1,1,1,0,0,20260825,20261231
200012252,1,1,1,1,1,0,0,20260825,20261231
200012315,1,1,1,1,1,0,0,20260825,20261231
200020802,0,0,0,0,0,1,0,20260825,20261231
200020828,0,0,0,0,0,1,0,20260825,20261231
200020852,0,0,0,0,0,1,0,20260825,20261231
200020920,0,0,0,0,0,1,0,20260825,20261231
200020944,0,0,0,0,0,1,0,20260825,20261231
200021012,0,0,0,0,0,1,0,20260825,20261231
200021036,0,0,0,0,0,1,0,20260825,20261231
200021104,0,0,0,0,0,1,0,20260825,20261231
200021128,0,0,0,0,0,1,0,20260825,20261231
200021156,0,0,0,0,0,1,0,20260825,20261231
200021220,0,0,0,0,0,1,0,20260825,20261231
200021248,0,0,0,0,0,1,0,20260825,20261231
200021312,0,0,0,0,0,1,0,20260825,20261231
200021340,0,0,0,0,0,1,0,20260825,20261231
200021404,0,0,0,0,0,1,0,20260825,20261231
200021432,0,0,0,0,0,1,0,20260825,20261231
200021456,0,0,0,0,0,1,0,20260825,20261231
200021524,0,0,0,0,0,1,0,20260825,20261231
200021548,0,0,0,0,0,1,0,20260825,20261231
200021616,0,0,0,0,0,1,0,20260825,20261231
200021640,0,0,0,0,0,1,0,20260825,20261231
200021708,0,0,0,0,0,1,0,20260825,20261231
200021732,0,0,0,0,0,1,0,20260825,20261231
200021800,0,0,0,0,0,1,0,20260825,20261231
200021824,0,0,0,0,0,1,0,20260825,20261231
200021852,0,0,0,0,0,1,0,20260825,20261231
200021916,0,0,0,0,0,1,0,20260825,20261231
200021944,0,0,0,0,0,1,0,20260825,20261231
200022006,0,0,0,0,0,1,0,20260825,20261231
200022032,0,0,0,0,0,1,0,20260825,20261231
200022054,0,0,0,0,0,1,0,20260825,20261231
200022120,0,0,0,0,0,1,0,20260825,20261231
200022141,0,0,0,0,0,1,0,20260825,20261231
200022207,0,0,0,0,0,1,0,20260825,20261231
200022228,0,0,0,0,0,1,0,20260825,20261231
200022252,0,0,0,0,0,1,0,20260825,20261231
200022315,0,0,0,0,0,1,0,20260825,20261231
200030830,0,0,0,0,0,0,1,20260825,20261231
200030858,0,0,0,0,0,0,1,20260825,20261231
200030920,0,0,0,0,0,0,1,20260825,20261231
200030948,0,0,0,0,0,0,1,20260825,20261231
200031010,0,0,0,0,0,0,1,20260825,20261231
200031038,0,0,0,0,0,0,1,20260825,20261231
200031100,0,0,0,0,0,0,1,20260825,20261231
200031128,0,0,0,0,0,0,1,20260825,20261231
200031150,0,0,0,0,0,0,1,20260825,20261231
200031218,0,0,0,0,0,0,1,20260825,20261231
200031240,0,0,0,0,0,0,1,20260825,20261231
200031308,0,0,0,0,0,0,1,20260825,20261231
200031330,0,0,0,0,0,0,1,20260825,20261231
200031358,0,0,0,0,0,0,1,20260825,20261231
200031420,0,0,0,0,0,0,1,20260825,20261231
200031448,0,0,0,0,0,0,1,20260825,20261231
200031510,0,0,0,0,0,0,1,20260825,20261231
200031538,0,0,0,0,0,0,1,20260825,20261231
200031600,0,0,0,0,0,0,1,20260825,20261231
200031631,0,0,0,0,0,0,1,20260825,20261231
200031656,0,0,0,0,0,0,1,20260825,20261231
200031726,0,0,0,0,0,0,1,20260825,20261231
200031750,0,0,0,0,0,0,1,20260825,20261231
200031820,0,0,0,0,0,0,1,20260825,20261231
200031844,0,0,0,0,0,0,1,20260825,20261231
200031914,0,0,0,0,0,0,1,20260825,20261231
200031938,0,0,0,0,0,0,1,20260825,20261231
200032008,0,0,0,0,0,0,1,20260825,20261231
200032032,0,0,0,0,0,0,1,20260825,20261231
200032102,0,0,0,0,0,0,1,20260825,20261231
200032126,0,0,0,0,0,0,1,20260825,20261231
200032158,0,0,0,0,0,0,1,20260825,20261231
200032223,0,0,0,0,0,0,1,20260825,20261231
200032255,0,0,0,0,0,0,1,20260825,20261231
200032320,0,0,0,0,0,0,1,20260825,20261231
201010802,1,1,1,1,1,0,0,20260825,20261231
201010830,1,1,1,1,1,0,0,20260825,20261231
201010903,1,1,1,1,1,0,0,20260825,20261231
201010930,1,1,1,1,1,0,0,20260825,20261231
201011003,1,1,1,1,1,0,0,20260825,20261231
201011030,1,1,1,1,1,0,0,20260825,20261231
201011103,1,1,1,1,1,0,0,20260825,20261231
201011130,1,1,1,1,1,0,0,20260825,20261231
201011203,1,1,1,1,1,0,0,20260825,20261231
201011230,1,1,1,1,1,0,0,20260825,20261231
201011303,1,1,1,1,1,0,0,20260825,20261231
201011330,1,1,1,1,1,0,0,20260825,20261231
201011403,1,1,1,1,1,0,0,20260825,20261231
201011430,1,1,1,1,1,0,0,20260825,20261231
201011503,1,1,1,1,1,0,0,20260825,20261231
201011530,1,1,1,1,1,0,0,20260825,20261231
201011603,1,1,1,1,1,0,0,20260825,20261231
201011630,1,1,1,1,1,0,0,20260825,20261231
201011703,1,1,1,1,1,0,0,20260825,20261231
201011730,1,1,1,1,1,0,0,20260825,20261231
201011803,1,1,1,1,1,0,0,20260825,20261231
201011830,1,1,1,1,1,0,0,20260825,20261231
201011903,1,1,1,1,1,0,0,20260825,20261231
201011930,1,1,1,1,1,0,0,20260825,20261231
201012003,1,1,1,1,1,0,0,20260825,20261231
201012028,1,1,1,1,1,0,0,20260825,20261231
201012052,1,1,1,1,1,0,0,20260825,20261231
201012117,1,1,1,1,1,0,0,20260825,20261231
201012140,1,1,1,1,1,0,0,20260825,20261231
201012203,1,1,1,1,1,0,0,20260825,20261231
201012229,1,1,1,1,1,0,0,20260825,20261231
201012250,1,1,1,1,1,0,0,20260825,20261231
201020802,0,0,0,0,0,1,0,20260825,20261231
201020826,0,0,0,0,0,1,0,20260825,20261231
201020854,0,0,0,0,0,1,0,20260825,20261231
201020918,0,0,0,0,0,1,0,20260825,20261231
201020946,0,0,0,0,0,1,0,20260825,20261231
201021010,0,0,0,0,0,1,0,20260825,20261231
201021038,0,0,0,0,0,1,0,20260825,20261231
201021102,0,0,0,0,0,1,0,20260825,20261231
201021130,0,0,0,0,0,1,0,20260825,20261231
201021154,0,0,0,0,0,1,0,20260825,20261231
201021222,0,0,0,0,0,1,0,20260825,20261231
201021246,0,0,0,0,0,1,0,20260825,20261231
201021314,0,0,0,0,0,1,0,20260825,20261231
201021338,0,0,0,0,0,1,0,20260825,20261231
201021406,0,0,0,0,0,1,0,20260825,20261231
201021430,0,0,0,0,0,1,0,20260825,20261231
201021458,0,0,0,0,0,1,0,20260825,20261231
201021522,0,0,0,0,0,1,0,20260825,20261231
201021550,0,0,0,0,0,1,0,20260825,20261231
201021614,0,0,0,0,0,1,0,20260825,20261231
201021642,0,0,0,0,0,1,0,20260825,20261231
201021706,0,0,0,0,0,1,0,20260825,20261231
201021734,0,0,0,0,0,1,0,20260825,20261231
201021758,0,0,0,0,0,1,0,20260825,20261231
201021826,0,0,0,0,0,1,0,20260825,20261231
201021850,0,0,0,0,0,1,0,20260825,20261231
201021918,0,0,0,0,0,1,0,20260825,20261231
201021940,0,0,0,0,0,1,0,20260825,20261231
201022006,0,0,0,0,0,1,0,20260825,20261231
201022028,0,0,0,0,0,1,0,20260825,20261231
201022054,0,0,0,0,0,1,0,20260825,20261231
201022116,0,0,0,0,0,1,0,20260825,20261231
201022142,0,0,0,0,0,1,0,20260825,20261231
201022203,0,0,0,0,0,1,0,20260825,20261231
201022229,0,0,0,0,0,1,0,20260825,20261231
201022250,0,0,0,0,0,1,0,20260825,20261231
300010705,1,1,1,1,1,0,0,20260825,20261231
300010735,1,1,1,1,1,0,0,20260825,20261231
300010815,1,1,1,1,1,0,0,20260825,20261231
300010855,1,1,1,1,1,0,0,20260825,20261231
300010935,1,1,1,1,1,0,0,20260825,20261231
300011015,1,1,1,1,1,0,0,20260825,20261231
300011055,1,1,1,1,1,0,0,20260825,20261231
300011135,1,1,1,1,1,0,0,20260825,20261231
300011215,1,1,1,1,1,0,0,20260825,20261231
300011255,1,1,1,1,1,0,0,20260825,20261231
300011335,1,1,1,1,1,0,0,20260825,20261231
300011415,1,1,1,1,1,0,0,20260825,20261231
300011455,1,1,1,1,1,0,0,20260825,20261231
300011535,1,1,1,1,1,0,0,20260825,20261231
300011615,1,1,1,1,1,0,0,20260825,20261231
300011655,1,1,1,1,1,0,0,20260825,20261231
300011735,1,1,1,1,1,0,0,20260825,20261231
300011815,1,1,1,1,1,0,0,20260825,20261231
300011855,1,1,1,1,1,0,0,20260825,20261231
300011935,1,1,1,1,1,0,0,20260825,20261231
300012015,1,1,1,1,1,0,0,20260825,20261231
300012055,1,1,1,1,1,0,0,20260825,20261231
300012135,1,1,1,1,1,0,0,20260825,20261231
300012215,1,1,1,1,1,0,0,20260825,20261231
300020705,0,0,0,0,0,1,0,20260825,20261231
300020735,0,0,0,0,0,1,0,20260825,20261231
300020805,0,0,0,0,0,1,0,20260825,20261231
300020847,0,0,0,0,0,1,0,20260825,20261231
300020920,0,0,0,0,0,1,0,20260825,20261231
300021002,0,0,0,0,0,1,0,20260825,20261231
300021035,0,0,0,0,0,1,0,20260825,20261231
300021117,0,0,0,0,0,1,0,20260825,20261231
300021150,0,0,0,0,0,1,0,20260825,20261231
300021232,0,0,0,0,0,1,0,20260825,20261231
300021305,0,0,0,0,0,1,0,20260825,20261231
300021347,0,0,0,0,0,1,0,20260825,20261231
300021420,0,0,0,0,0,1,0,20260825,20261231
300021502,0,0,0,0,0,1,0,20260825,20261231
300021535,0,0,0,0,0,1,0,20260825,20261231
300021617,0,0,0,0,0,1,0,20260825,20261231
300021650,0,0,0,0,0,1,0,20260825,20261231
300021732,0,0,0,0,0,1,0,20260825,20261231
300021805,0,0,0,0,0,1,0,20260825,20261231
300021847,0,0,0,0,0,1,0,20260825,20261231
300021920,0,0,0,0,0,1,0,20260825,20261231
300022002,0,0,0,0,0,1,0,20260825,20261231
300022035,0,0,0,0,0,1,0,20260825,20261231
300022117,0,0,0,0,0,1,0,20260825,20261231
300030710,0,0,0,0,0,0,1,20260825,20261231
300030735,0,0,0,0,0,0,1,20260825,20261231
300030805,0,0,0,0,0,0,1,20260825,20261231
300030847,0,0,0,0,0,0,1,20260825,20261231
300030920,0,0,0,0,0,0,1,20260825,20261231
300031002,0,0,0,0,0,0,1,20260825,20261231
300031035,0,0,0,0,0,0,1,20260825,20261231
300031117,0,0,0,0,0,0,1,20260825,20261231
300031150,0,0,0,0,0,0,1,20260825,20261231
300031232,0,0,0,0,0,0,1,20260825,20261231
300031305,0,0,0,0,0,0,1,20260825,20261231
300031347,0,0,0,0,0,0,1,20260825,20261231
300031420,0,0,0,0,0,0,1,20260825,20261231
300031502,0,0,0,0,0,0,1,20260825,20261231
300031535,0,0,0,0,0,0,1,20260825,20261231
300031617,0,0,0,0,0,0,1,20260825,20261231
300031650,0,0,0,0,0,0,1,20260825,20261231
300031732,0,0,0,0,0,0,1,20260825,20261231
300031805,0,0,0,0,0,0,1,20260825,20261231
300031847,0,0,0,0,0,0,1,20260825,20261231
300031920,0,0,0,0,0,0,1,20260825,20261231
300032002,0,0,0,0,0,0,1,20260825,20261231
300032035,0,0,0,0,0,0,1,20260825,20261231
300032117,0,0,0,0,0,0,1,20260825,20261231
300032150,0,0,0,0,0,0,1,20260825,20261231
300032230,0,0,0,0,0,0,1,20260825,20261231
301010719,1,1,1,1,1,0,0,20260825,20261231
301010749,1,1,1,1,1,0,0,20260825,20261231
301010831,1,1,1,1,1,0,0,20260825,20261231
301010906,1,1,1,1,1,0,0,20260825,20261231
301010951,1,1,1,1,1,0,0,20260825,20261231
301011026,1,1,1,1,1,0,0,20260825,20261231
301011111,1,1,1,1,1,0,0,20260825,20261231
301011146,1,1,1,1,1,0,0,20260825,20261231
301011231,1,1,1,1,1,0,0,20260825,20261231
301011306,1,1,1,1,1,0,0,20260825,20261231
301011351,1,1,1,1,1,0,0,20260825,20261231
301011426,1,1,1,1,1,0,0,20260825,20261231
301011511,1,1,1,1,1,0,0,20260825,20261231
301011546,1,1,1,1,1,0,0,20260825,20261231
301011631,1,1,1,1,1,0,0,20260825,20261231
301011706,1,1,1,1,1,0,0,20260825,20261231
301011751,1,1,1,1,1,0,0,20260825,20261231
301011826,1,1,1,1,1,0,0,20260825,20261231
301011911,1,1,1,1,1,0,0,20260825,20261231
301011946,1,1,1,1,1,0,0,20260825,20261231
301012031,1,1,1,1,1,0,0,20260825,20261231
301012106,1,1,1,1,1,0,0,20260825,20261231
301012151,1,1,1,1,1,0,0,20260825,20261231
301012226,1,1,1,1,1,0,0,20260825,20261231
301020730,0,0,0,0,0,1,0,20260825,20261231
301020800,0,0,0,0,0,1,0,20260825,20261231
301020830,0,0,0,0,0,1,0,20260825,20261231
301020903,0,0,0,0,0,1,0,20260825,20261231
301020945,0,0,0,0,0,1,0,20260825,20261231
301021018,0,0,0,0,0,1,0,20260825,20261231
301021100,0,0,0,0,0,1,0,20260825,20261231
301021133,0,0,0,0,0,1,0,20260825,20261231
301021215,0,0,0,0,0,1,0,20260825,20261231
301021248,0,0,0,0,0,1,0,20260825,20261231
301021330,0,0,0,0,0,1,0,20260825,20261231
301021403,0,0,0,0,0,1,0,20260825,20261231
301021445,0,0,0,0,0,1,0,20260825,20261231
301021518,0,0,0,0,0,1,0,20260825,20261231
301021600,0,0,0,0,0,1,0,20260825,20261231
301021633,0,0,0,0,0,1,0,20260825,20261231
301021715,0,0,0,0,0,1,0,20260825,20261231
301021748,0,0,0,0,0,1,0,20260825,20261231
301021830,0,0,0,0,0,1,0,20260825,20261231
301021903,0,0,0,0,0,1,0,20260825,20261231
301021945,0,0,0,0,0,1,0,20260825,20261231
301022018,0,0,0,0,0,1,0,20260825,20261231
301022100,0,0,0,0,0,1,0,20260825,20261231
301022133,0,0,0,0,0,1,0,20260825,20261231
301022215,0,0,0,0,0,1,0,20260825,20261231
301022245,0,0,0,0,0,1,0,20260825,20261231
301030730,0,0,0,0,0,0,1,20260825,20261231
301030800,0,0,0,0,0,0,1,20260825,20261231
301030830,0,0,0,0,0,0,1,20260825,20261231
301030903,0,0,0,0,0,0,1,20260825,20261231
301030945,0,0,0,0,0,0,1,20260825,20261231
301031018,0,0,0,0,0,0,1,20260825,20261231
301031100,0,0,0,0,0,0,1,20260825,20261231
301031133,0,0,0,0,0,0,1,20260825,20261231
301031215,0,0,0,0,0,0,1,20260825,20261231
301031248,0,0,0,0,0,0,1,20260825,20261231
301031330,0,0,0,0,0,0,1,20260825,20261231
301031403,0,0,0,0,0,0,1,20260825,20261231
301031445,0,0,0,0,0,0,1,20260825,20261231
301031518,0,0,0,0,0,0,1,20260825,20261231
301031600,0,0,0,0,0,0,1,20260825,20261231
301031633,0,0,0,0,0,0,1,20260825,20261231
301031715,0,0,0,0,0,0,1,20260825,20261231
301031748,0,0,0,0,0,0,1,20260825,20261231
301031830,0,0,0,0,0,0,1,20260825,20261231
301031903,0,0,0,0,0,0,1,20260825,20261231
301031945,0,0,0,0,0,0,1,20260825,20261231
301032018,0,0,0,0,0,0,1,20260825,20261231
301032100,0,0,0,0,0,0,1,20260825,20261231
301032133,0,0,0,0,0,0,1,20260825,20261231
302010733,1,1,1,1,1,0,0,20260825,20261231
302010803,1,1,1,1,1,0,0,20260825,20261231
302010847,1,1,1,1,1,0,0,20260825,20261231
302010927,1,1,1,1,1,0,0,20260825,20261231
302011007,1,1,1,1,1,0,0,20260825,20261231
302011047,1,1,1,1,1,0,0,20260825,20261231
302011127,1,1,1,1,1,0,0,20260825,20261231
302011207,1,1,1,1,1,0,0,20260825,20261231
302011247,1,1,1,1,1,0,0,20260825,20261231
302011327,1,1,1,1,1,0,0,20260825,20261231
302011407,1,1,1,1,1,0,0,20260825,20261231
302011447,1,1,1,1,1,0,0,20260825,20261231
302011527,1,1,1,1,1,0,0,20260825,20261231
302011607,1,1,1,1,1,0,0,20260825,20261231
302011647,1,1,1,1,1,0,0,20260825,20261231
302011727,1,1,1,1,1,0,0,20260825,20261231
302011807,1,1,1,1,1,0,0,20260825,20261231
302011847,1,1,1,1,1,0,0,20260825,20261231
302011927,1,1,1,1,1,0,0,20260825,20261231
302012007,1,1,1,1,1,0,0,20260825,20261231
302012047,1,1,1,1,1,0,0,20260825,20261231
302012127,1,1,1,1,1,0,0,20260825,20261231
302020650,0,0,0,0,0,1,0,20260825,20261231
302020720,0,0,0,0,0,1,0,20260825,20261231
302020750,0,0,0,0,0,1,0,20260825,20261231
302020820,0,0,0,0,0,1,0,20260825,20261231
302020855,0,0,0,0,0,1,0,20260825,20261231
302020928,0,0,0,0,0,1,0,20260825,20261231
302021010,0,0,0,0,0,1,0,20260825,20261231
302021043,0,0,0,0,0,1,0,20260825,20261231
302021125,0,0,0,0,0,1,0,20260825,20261231
302021158,0,0,0,0,0,1,0,20260825,20261231
302021240,0,0,0,0,0,1,0,20260825,20261231
302021313,0,0,0,0,0,1,0,20260825,20261231
302021355,0,0,0,0,0,1,0,20260825,20261231
302021428,0,0,0,0,0,1,0,20260825,20261231
302021510,0,0,0,0,0,1,0,20260825,20261231
302021543,0,0,0,0,0,1,0,20260825,20261231
302021625,0,0,0,0,0,1,0,20260825,20261231
302021658,0,0,0,0,0,1,0,20260825,20261231
302021740,0,0,0,0,0,1,0,20260825,20261231
302021813,0,0,0,0,0,1,0,20260825,20261231
302021855,0,0,0,0,0,1,0,20260825,20261231
302021928,0,0,0,0,0,1,0,20260825,20261231
302022010,0,0,0,0,0,1,0,20260825,20261231
302022043,0,0,0,0,0,1,0,20260825,20261231
302022125,0,0,0,0,0,1,0,20260825,20261231
302022200,0,0,0,0,0,1,0,20260825,20261231
302030750,0,0,0,0,0,0,1,20260825,20261231
302030820,0,0,0,0,0,0,1,20260825,20261231
302030855,0,0,0,0,0,0,1,20260825,20261231
302030928,0,0,0,0,0,0,1,20260825,20261231
302031010,0,0,0,0,0,0,1,20260825,20261231
302031043,0,0,0,0,0,0,1,20260825,20261231
302031125,0,0,0,0,0,0,1,20260825,20261231
302031158,0,0,0,0,0,0,1,20260825,20261231
302031240,0,0,0,0,0,0,1,20260825,20261231
302031313,0,0,0,0,0,0,1,20260825,20261231
302031355,0,0,0,0,0,0,1,20260825,20261231
302031428,0,0,0,0,0,0,1,20260825,20261231
302031510,0,0,0,0,0,0,1,20260825,20261231
302031543,0,0,0,0,0,0,1,20260825,20261231
302031625,0,0,0,0,0,0,1,20260825,20261231
302031658,0,0,0,0,0,0,1,20260825,20261231
302031740,0,0,0,0,0,0,1,20260825,20261231
302031813,0,0,0,0,0,0,1,20260825,20261231
302031855,0,0,0,0,0,0,1,20260825,20261231
302031928,0,0,0,0,0,0,1,20260825,20261231
302032010,0,0,0,0,0,0,1,20260825,20261231
302032043,0,0,0,0,0,0,1,20260825,20261231
302032125,0,0,0,0,0,0,1,20260825,20261231
302032158,0,0,0,0,0,0,1,20260825,20261231
302032240,0,0,0,0,0,0,1,20260825,20261231
302032310,0,0,0,0,0,0,1,20260825,20261231
303010746,1,1,1,1,1,0,0,20260825,20261231
303010817,1,1,1,1,1,0,0,20260825,20261231
303010903,1,1,1,1,1,0,0,20260825,20261231
303010938,1,1,1,1,1,0,0,20260825,20261231
303011023,1,1,1,1,1,0,0,20260825,20261231
303011058,1,1,1,1,1,0,0,20260825,20261231
303011143,1,1,1,1,1,0,0,20260825,20261231
303011218,1,1,1,1,1,0,0,20260825,20261231
303011303,1,1,1,1,1,0,0,20260825,20261231
303011338,1,1,1,1,1,0,0,20260825,20261231
303011423,1,1,1,1,1,0,0,20260825,20261231
303011458,1,1,1,1,1,0,0,20260825,20261231
303011543,1,1,1,1,1,0,0,20260825,20261231
303011618,1,1,1,1,1,0,0,20260825,20261231
303011703,1,1,1,1,1,0,0,20260825,20261231
303011738,1,1,1,1,1,0,0,20260825,20261231
303011823,1,1,1,1,1,0,0,20260825,20261231
303011858,1,1,1,1,1,0,0,20260825,20261231
303011943,1,1,1,1,1,0,0,20260825,20261231
303012018,1,1,1,1,1,0,0,20260825,20261231
303012103,1,1,1,1,1,0,0,20260825,20261231
303012138,1,1,1,1,1,0,0,20260825,20261231
303012225,1,1,1,1,1,0,0,20260825,20261231
303012300,1,1,1,1,1,0,0,20260825,20261231
304010650,1,1,1,1,1,0,0,20260825,20261231
304010715,1,1,1,1,1,0,0,20260825,20261231
304010800,1,1,1,1,1,0,0,20260825,20261231
304010834,1,1,1,1,1,0,0,20260825,20261231
304010919,1,1,1,1,1,0,0,20260825,20261231
304010954,1,1,1,1,1,0,0,20260825,20261231
304011039,1,1,1,1,1,0,0,20260825,20261231
304011114,1,1,1,1,1,0,0,20260825,20261231
304011159,1,1,1,1,1,0,0,20260825,20261231
304011234,1,1,1,1,1,0,0,20260825,20261231
304011319,1,1,1,1,1,0,0,20260825,20261231
304011354,1,1,1,1,1,0,0,20260825,20261231
304011439,1,1,1,1,1,0,0,20260825,20261231
304011514,1,1,1,1,1,0,0,20260825,20261231
304011559,1,1,1,1,1,0,0,20260825,20261231
304011634,1,1,1,1,1,0,0,20260825,20261231
304011719,1,1,1,1,1,0,0,20260825,20261231
304011754,1,1,1,1,1,0,0,20260825,20261231
304011839,1,1,1,1,1,0,0,20260825,20261231
304011914,1,1,1,1,1,0,0,20260825,20261231
304011959,1,1,1,1,1,0,0,20260825,20261231
304012034,1,1,1,1,1,0,0,20260825,20261231
304012119,1,1,1,1,1,0,0,20260825,20261231
304012154,1,1,1,1,1,0,0,20260825,20261231
400010705,1,1,1,1,1,0,0,20260825,20261231
400010745,1,1,1,1,1,0,0,20260825,20261231
400010831,1,1,1,1,1,0,0,20260825,20261231
400010916,1,1,1,1,1,0,0,20260825,20261231
400011002,1,1,1,1,1,0,0,20260825,20261231
400011047,1,1,1,1,1,0,0,20260825,20261231
400011133,1,1,1,1,1,0,0,20260825,20261231
400011218,1,1,1,1,1,0,0,20260825,20261231
400011304,1,1,1,1,1,0,0,20260825,20261231
400011349,1,1,1,1,1,0,0,20260825,20261231
400011435,1,1,1,1,1,0,0,20260825,20261231
400011520,1,1,1,1,1,0,0,20260825,20261231
400011606,1,1,1,1,1,0,0,20260825,20261231
400011651,1,1,1,1,1,0,0,20260825,20261231
400011737,1,1,1,1,1,0,0,20260825,20261231
400011822,1,1,1,1,1,0,0,20260825,20261231
400011908,1,1,1,1,1,0,0,20260825,20261231
400011953,1,1,1,1,1,0,0,20260825,20261231
400012039,1,1,1,1,1,0,0,20260825,20261231
400012122,1,1,1,1,1,0,0,20260825,20261231
400012200,1,1,1,1,1,0,0,20260825,20261231
400020710,0,0,0,0,0,1,0,20260825,20261231
400020745,0,0,0,0,0,1,0,20260825,20261231
400020821,0,0,0,0,0,1,0,20260825,20261231
400020905,0,0,0,0,0,1,0,20260825,20261231
400020941,0,0,0,0,0,1,0,20260825,20261231
400021025,0,0,0,0,0,1,0,20260825,20261231
400021101,0,0,0,0,0,1,0,20260825,20261231
400021145,0,0,0,0,0,1,0,20260825,20261231
400021221,0,0,0,0,0,1,0,20260825,20261231
400021305,0,0,0,0,0,1,0,20260825,20261231
400021341,0,0,0,0,0,1,0,20260825,20261231
400021425,0,0,0,0,0,1,0,20260825,20261231
400021501,0,0,0,0,0,1,0,20260825,20261231
400021545,0,0,0,0,0,1,0,20260825,20261231
400021621,0,0,0,0,0,1,0,20260825,20261231
400021705,0,0,0,0,0,1,0,20260825,20261231
400021741,0,0,0,0,0,1,0,20260825,20261231
400021825,0,0,0,0,0,1,0,20260825,20261231
400021901,0,0,0,0,0,1,0,20260825,20261231
400021945,0,0,0,0,0,1,0,20260825,20261231
400022021,0,0,0,0,0,1,0,20260825,20261231
400022105,0,0,0,0,0,1,0,20260825,20261231
400022140,0,0,0,0,0,1,0,20260825,20261231
400030730,0,0,0,0,0,0,1,20260825,20261231
400030800,0,0,0,0,0,0,1,20260825,20261231
400030830,0,0,0,0,0,0,1,20260825,20261231
400030908,0,0,0,0,0,0,1,20260825,20261231
400030940,0,0,0,0,0,0,1,20260825,20261231
400031024,0,0,0,0,0,0,1,20260825,20261231
400031100,0,0,0,0,0,0,1,20260825,20261231
400031144,0,0,0,0,0,0,1,20260825,20261231
400031220,0,0,0,0,0,0,1,20260825,20261231
400031304,0,0,0,0,0,0,1,20260825,20261231
400031340,0,0,0,0,0,0,1,20260825,20261231
400031424,0,0,0,0,0,0,1,20260825,20261231
400031500,0,0,0,0,0,0,1,20260825,20261231
400031544,0,0,0,0,0,0,1,20260825,20261231
400031620,0,0,0,0,0,0,1,20260825,20261231
400031704,0,0,0,0,0,0,1,20260825,20261231
400031740,0,0,0,0,0,0,1,20260825,20261231
400031824,0,0,0,0,0,0,1,20260825,20261231
400031900,0,0,0,0,0,0,1,20260825,20261231
400031944,0,0,0,0,0,0,1,20260825,20261231
400032020,0,0,0,0,0,0,1,20260825,20261231
400032104,0,0,0,0,0,0,1,20260825,20261231
400032140,0,0,0,0,0,0,1,20260825,20261231
400032224,0,0,0,0,0,0,1,20260825,20261231
401010720,1,1,1,1,1,0,0,20260825,20261231
401010757,1,1,1,1,1,0,0,20260825,20261231
401010844,1,1,1,1,1,0,0,20260825,20261231
401010929,1,1,1,1,1,0,0,20260825,20261231
401011015,1,1,1,1,1,0,0,20260825,20261231
401011100,1,1,1,1,1,0,0,20260825,20261231
401011146,1,1,1,1,1,0,0,20260825,20261231
401011231,1,1,1,1,1,0,0,20260825,20261231
401011317,1,1,1,1,1,0,0,20260825,20261231
401011402,1,1,1,1,1,0,0,20260825,20261231
401011448,1,1,1,1,1,0,0,20260825,20261231
401011533,1,1,1,1,1,0,0,20260825,20261231
401011619,1,1,1,1,1,0,0,20260825,20261231
401011704,1,1,1,1,1,0,0,20260825,20261231
401011750,1,1,1,1,1,0,0,20260825,20261231
401011835,1,1,1,1,1,0,0,20260825,20261231
401011921,1,1,1,1,1,0,0,20260825,20261231
401012006,1,1,1,1,1,0,0,20260825,20261231
401012052,1,1,1,1,1,0,0,20260825,20261231
401012134,1,1,1,1,1,0,0,20260825,20261231
401012209,1,1,1,1,1,0,0,20260825,20261231
401020805,0,0,0,0,0,1,0,20260825,20261231
401020837,0,0,0,0,0,1,0,20260825,20261231
401020921,0,0,0,0,0,1,0,20260825,20261231
401020957,0,0,0,0,0,1,0,20260825,20261231
401021041,0,0,0,0,0,1,0,20260825,20261231
401021117,0,0,0,0,0,1,0,20260825,20261231
401021201,0,0,0,0,0,1,0,20260825,20261231
401021237,0,0,0,0,0,1,0,20260825,20261231
401021321,0,0,0,0,0,1,0,20260825,20261231
401021357,0,0,0,0,0,1,0,20260825,20261231
401021441,0,0,0,0,0,1,0,20260825,20261231
401021517,0,0,0,0,0,1,0,20260825,20261231
401021601,0,0,0,0,0,1,0,20260825,20261231
401021637,0,0,0,0,0,1,0,20260825,20261231
401021721,0,0,0,0,0,1,0,20260825,20261231
401021757,0,0,0,0,0,1,0,20260825,20261231
401021841,0,0,0,0,0,1,0,20260825,20261231
401021917,0,0,0,0,0,1,0,20260825,20261231
401022001,0,0,0,0,0,1,0,20260825,20261231
401022037,0,0,0,0,0,1,0,20260825,20261231
401022121,0,0,0,0,0,1,0,20260825,20261231
401022155,0,0,0,0,0,1,0,20260825,20261231
401022232,0,0,0,0,0,1,0,20260825,20261231
401022300,0,0,0,0,0,1,0,20260825,20261231
401030820,0,0,0,0,0,0,1,20260825,20261231
401030850,0,0,0,0,0,0,1,20260825,20261231
401030928,0,0,0,0,0,0,1,20260825,20261231
401031000,0,0,0,0,0,0,1,20260825,20261231
401031044,0,0,0,0,0,0,1,20260825,20261231
401031120,0,0,0,0,0,0,1,20260825,20261231
401031204,0,0,0,0,0,0,1,20260825,20261231
401031240,0,0,0,0,0,0,1,20260825,20261231
401031324,0,0,0,0,0,0,1,20260825,20261231
401031400,0,0,0,0,0,0,1,20260825,20261231
401031444,0,0,0,0,0,0,1,20260825,20261231
401031520,0,0,0,0,0,0,1,20260825,20261231
401031604,0,0,0,0,0,0,1,20260825,20261231
401031640,0,0,0,0,0,0,1,20260825,20261231
401031724,0,0,0,0,0,0,1,20260825,20261231
401031800,0,0,0,0,0,0,1,20260825,20261231
401031844,0,0,0,0,0,0,1,20260825,20261231
401031920,0,0,0,0,0,0,1,20260825,20261231
401032004,0,0,0,0,0,0,1,20260825,20261231
401032040,0,0,0,0,0,0,1,20260825,20261231
401032124,0,0,0,0,0,0,1,20260825,20261231
401032200,0,0,0,0,0,0,1,20260825,20261231
401032240,0,0,0,0,0,0,1,20260825,20261231
401032315,0,0,0,0,0,0,1,20260825,20261231
402010809,1,1,1,1,1,0,0,20260825,20261231
402010857,1,1,1,1,1,0,0,20260825,20261231
402010942,1,1,1,1,1,0,0,20260825,20261231
402011028,1,1,1,1,1,0,0,20260825,20261231
402011113,1,1,1,1,1,0,0,20260825,20261231
402011159,1,1,1,1,1,0,0,20260825,20261231
402011244,1,1,1,1,1,0,0,20260825,20261231
402011330,1,1,1,1,1,0,0,20260825,20261231
402011415,1,1,1,1,1,0,0,20260825,20261231
402011501,1,1,1,1,1,0,0,20260825,20261231
402011546,1,1,1,1,1,0,0,20260825,20261231
402011632,1,1,1,1,1,0,0,20260825,20261231
402011717,1,1,1,1,1,0,0,20260825,20261231
402011803,1,1,1,1,1,0,0,20260825,20261231
402011848,1,1,1,1,1,0,0,20260825,20261231
402011934,1,1,1,1,1,0,0,20260825,20261231
402012019,1,1,1,1,1,0,0,20260825,20261231
402012105,1,1,1,1,1,0,0,20260825,20261231
402012147,1,1,1,1,1,0,0,20260825,20261231
402012220,1,1,1,1,1,0,0,20260825,20261231
402012255,1,1,1,1,1,0,0,20260825,20261231
402020735,0,0,0,0,0,1,0,20260825,20261231
402020820,0,0,0,0,0,1,0,20260825,20261231
402020853,0,0,0,0,0,1,0,20260825,20261231
402020937,0,0,0,0,0,1,0,20260825,20261231
402021013,0,0,0,0,0,1,0,20260825,20261231
402021057,0,0,0,0,0,1,0,20260825,20261231
402021133,0,0,0,0,0,1,0,20260825,20261231
402021217,0,0,0,0,0,1,0,20260825,20261231
402021253,0,0,0,0,0,1,0,20260825,20261231
402021337,0,0,0,0,0,1,0,20260825,20261231
402021413,0,0,0,0,0,1,0,20260825,20261231
402021457,0,0,0,0,0,1,0,20260825,20261231
402021533,0,0,0,0,0,1,0,20260825,20261231
402021617,0,0,0,0,0,1,0,20260825,20261231
402021653,0,0,0,0,0,1,0,20260825,20261231
402021737,0,0,0,0,0,1,0,20260825,20261231
402021813,0,0,0,0,0,1,0,20260825,20261231
402021857,0,0,0,0,0,1,0,20260825,20261231
402021933,0,0,0,0,0,1,0,20260825,20261231
402022017,0,0,0,0,0,1,0,20260825,20261231
402022053,0,0,0,0,0,1,0,20260825,20261231
402022137,0,0,0,0,0,1,0,20260825,20261231
402022210,0,0,0,0,0,1,0,20260825,20261231
402030800,0,0,0,0,0,0,1,20260825,20261231
402030835,0,0,0,0,0,0,1,20260825,20261231
402030910,0,0,0,0,0,0,1,20260825,20261231
402030948,0,0,0,0,0,0,1,20260825,20261231
402031020,0,0,0,0,0,0,1,20260825,20261231
402031104,0,0,0,0,0,0,1,20260825,20261231
402031140,0,0,0,0,0,0,1,20260825,20261231
402031224,0,0,0,0,0,0,1,20260825,20261231
402031300,0,0,0,0,0,0,1,20260825,20261231
402031344,0,0,0,0,0,0,1,20260825,20261231
402031420,0,0,0,0,0,0,1,20260825,20261231
402031504,0,0,0,0,0,0,1,20260825,20261231
402031540,0,0,0,0,0,0,1,20260825,20261231
402031624,0,0,0,0,0,0,1,20260825,20261231
402031700,0,0,0,0,0,0,1,20260825,20261231
402031744,0,0,0,0,0,0,1,20260825,20261231
402031820,0,0,0,0,0,0,1,20260825,20261231
402031904,0,0,0,0,0,0,1,20260825,20261231
402031940,0,0,0,0,0,0,1,20260825,20261231
402032024,0,0,0,0,0,0,1,20260825,20261231
402032100,0,0,0,0,0,0,1,20260825,20261231
402032144,0,0,0,0,0,0,1,20260825,20261231
402032220,0,0,0,0,0,0,1,20260825,20261231
402032300,0,0,0,0,0,0,1,20260825,20261231
403010735,1,1,1,1,1,0,0,20260825,20261231
403010821,1,1,1,1,1,0,0,20260825,20261231
403010910,1,1,1,1,1,0,0,20260825,20261231
403010955,1,1,1,1,1,0,0,20260825,20261231
403011041,1,1,1,1,1,0,0,20260825,20261231
403011126,1,1,1,1,1,0,0,20260825,20261231
403011212,1,1,1,1,1,0,0,20260825,20261231
403011257,1,1,1,1,1,0,0,20260825,20261231
403011343,1,1,1,1,1,0,0,20260825,20261231
403011428,1,1,1,1,1,0,0,20260825,20261231
403011514,1,1,1,1,1,0,0,20260825,20261231
403011559,1,1,1,1,1,0,0,20260825,20261231
403011645,1,1,1,1,1,0,0,20260825,20261231
403011730,1,1,1,1,1,0,0,20260825,20261231
403011816,1,1,1,1,1,0,0,20260825,20261231
403011901,1,1,1,1,1,0,0,20260825,20261231
403011947,1,1,1,1,1,0,0,20260825,20261231
403012032,1,1,1,1,1,0,0,20260825,20261231
403012117,1,1,1,1,1,0,0,20260825,20261231
403012200,1,1,1,1,1,0,0,20260825,20261231
403012230,1,1,1,1,1,0,0,20260825,20261231
403020640,0,0,0,0,0,1,0,20260825,20261231
403020720,0,0,0,0,0,1,0,20260825,20261231
403020750,0,0,0,0,0,1,0,20260825,20261231
403020835,0,0,0,0,0,1,0,20260825,20261231
403020909,0,0,0,0,0,1,0,20260825,20261231
403020953,0,0,0,0,0,1,0,20260825,20261231
403021029,0,0,0,0,0,1,0,20260825,20261231
403021113,0,0,0,0,0,1,0,20260825,20261231
403021149,0,0,0,0,0,1,0,20260825,20261231
403021233,0,0,0,0,0,1,0,20260825,20261231
403021309,0,0,0,0,0,1,0,20260825,20261231
403021353,0,0,0,0,0,1,0,20260825,20261231
403021429,0,0,0,0,0,1,0,20260825,20261231
403021513,0,0,0,0,0,1,0,20260825,20261231
403021549,0,0,0,0,0,1,0,20260825,20261231
403021633,0,0,0,0,0,1,0,20260825,20261231
403021709,0,0,0,0,0,1,0,20260825,20261231
403021753,0,0,0,0,0,1,0,20260825,20261231
403021829,0,0,0,0,0,1,0,20260825,20261231
403021913,0,0,0,0,0,1,0,20260825,20261231
403021949,0,0,0,0,0,1,0,20260825,20261231
403022033,0,0,0,0,0,1,0,20260825,20261231
403022105,0,0,0,0,0,1,0,20260825,20261231
403022145,0,0,0,0,0,1,0,20260825,20261231
403030815,0,0,0,0,0,0,1,20260825,20261231
403030852,0,0,0,0,0,0,1,20260825,20261231
403030925,0,0,0,0,0,0,1,20260825,20261231
403031008,0,0,0,0,0,0,1,20260825,20261231
403031040,0,0,0,0,0,0,1,20260825,20261231
403031124,0,0,0,0,0,0,1,20260825,20261231
403031200,0,0,0,0,0,0,1,20260825,20261231
403031244,0,0,0,0,0,0,1,20260825,20261231
403031320,0,0,0,0,0,0,1,20260825,20261231
403031404,0,0,0,0,0,0,1,20260825,20261231
403031440,0,0,0,0,0,0,1,20260825,20261231
403031524,0,0,0,0,0,0,1,20260825,20261231
403031600,0,0,0,0,0,0,1,20260825,20261231
403031644,0,0,0,0,0,0,1,20260825,20261231
403031720,0,0,0,0,0,0,1,20260825,20261231
403031804,0,0,0,0,0,0,1,20260825,20261231
403031840,0,0,0,0,0,0,1,20260825,20261231
403031924,0,0,0,0,0,0,1,20260825,20261231
403032000,0,0,0,0,0,0,1,20260825,20261231
403032044,0,0,0,0,0,0,1,20260825,20261231
403032120,0,0,0,0,0,0,1,20260825,20261231
403032204,0,0,0,0,0,0,1,20260825,20261231
403032240,0,0,0,0,0,0,1,20260825,20261231
403032320,0,0,0,0,0,0,1,20260825,20261231
404010640,1,1,1,1,1,0,0,20260825,20261231
404010715,1,1,1,1,1,0,0,20260825,20261231
404010748,1,1,1,1,1,0,0,20260825,20261231
404010835,1,1,1,1,1,0,0,20260825,20261231
404010923,1,1,1,1,1,0,0,20260825,20261231
404011008,1,1,1,1,1,0,0,20260825,20261231
404011054,1,1,1,1,1,0,0,20260825,20261231
404011139,1,1,1,1,1,0,0,20260825,20261231
404011225,1,1,1,1,1,0,0,20260825,20261231
404011310,1,1,1,1,1,0,0,20260825,20261231
404011356,1,1,1,1,1,0,0,20260825,20261231
404011441,1,1,1,1,1,0,0,20260825,20261231
404011527,1,1,1,1,1,0,0,20260825,20261231
404011612,1,1,1,1,1,0,0,20260825,20261231
404011658,1,1,1,1,1,0,0,20260825,20261231
404011743,1,1,1,1,1,0,0,20260825,20261231
404011829,1,1,1,1,1,0,0,20260825,20261231
404011914,1,1,1,1,1,0,0,20260825,20261231
404012000,1,1,1,1,1,0,0,20260825,20261231
404012045,1,1,1,1,1,0,0,20260825,20261231
404012128,1,1,1,1,1,0,0,20260825,20261231
404020806,0,0,0,0,0,1,0,20260825,20261231
404020850,0,0,0,0,0,1,0,20260825,20261231
404020925,0,0,0,0,0,1,0,20260825,20261231
404021009,0,0,0,0,0,1,0,20260825,20261231
404021045,0,0,0,0,0,1,0,20260825,20261231
404021129,0,0,0,0,0,1,0,20260825,20261231
404021205,0,0,0,0,0,1,0,20260825,20261231
404021249,0,0,0,0,0,1,0,20260825,20261231
404021325,0,0,0,0,0,1,0,20260825,20261231
404021409,0,0,0,0,0,1,0,20260825,20261231
404021445,0,0,0,0,0,1,0,20260825,20261231
404021529,0,0,0,0,0,1,0,20260825,20261231
404021605,0,0,0,0,0,1,0,20260825,20261231
404021649,0,0,0,0,0,1,0,20260825,20261231
404021725,0,0,0,0,0,1,0,20260825,20261231
404021809,0,0,0,0,0,1,0,20260825,20261231
404021845,0,0,0,0,0,1,0,20260825,20261231
404021929,0,0,0,0,0,1,0,20260825,20261231
404022005,0,0,0,0,0,1,0,20260825,20261231
404022049,0,0,0,0,0,1,0,20260825,20261231
404022125,0,0,0,0,0,1,0,20260825,20261231
404022205,0,0,0,0,0,1,0,20260825,20261231
404022235,0,0,0,0,0,1,0,20260825,20261231
404022310,0,0,0,0,0,1,0,20260825,20261231
405010730,1,1,1,1,1,0,0,20260825,20261231
405010803,1,1,1,1,1,0,0,20260825,20261231
405010849,1,1,1,1,1,0,0,20260825,20261231
405010936,1,1,1,1,1,0,0,20260825,20261231
405011021,1,1,1,1,1,0,0,20260825,20261231
405011107,1,1,1,1,1,0,0,20260825,20261231
405011152,1,1,1,1,1,0,0,20260825,20261231
405011238,1,1,1,1,1,0,0,20260825,20261231
405011323,1,1,1,1,1,0,0,20260825,20261231
405011409,1,1,1,1,1,0,0,20260825,20261231
405011454,1,1,1,1,1,0,0,20260825,20261231
405011540,1,1,1,1,1,0,0,20260825,20261231
405011625,1,1,1,1,1,0,0,20260825,20261231
405011711,1,1,1,1,1,0,0,20260825,20261231
405011756,1,1,1,1,1,0,0,20260825,20261231
405011842,1,1,1,1,1,0,0,20260825,20261231
405011927,1,1,1,1,1,0,0,20260825,20261231
405012013,1,1,1,1,1,0,0,20260825,20261231
405012058,1,1,1,1,1,0,0,20260825,20261231
405012139,1,1,1,1,1,0,0,20260825,20261231
405012215,1,1,1,1,1,0,0,20260825,20261231
406010817,1,1,1,1,1,0,0,20260825,20261231
406010903,1,1,1,1,1,0,0,20260825,20261231
406010949,1,1,1,1,1,0,0,20260825,20261231
406011034,1,1,1,1,1,0,0,20260825,20261231
406011120,1,1,1,1,1,0,0,20260825,20261231
406011205,1,1,1,1,1,0,0,20260825,20261231
406011251,1,1,1,1,1,0,0,20260825,20261231
406011336,1,1,1,1,1,0,0,20260825,20261231
406011422,1,1,1,1,1,0,0,20260825,20261231
406011507,1,1,1,1,1,0,0,20260825,20261231
406011553,1,1,1,1,1,0,0,20260825,20261231
406011638,1,1,1,1,1,0,0,20260825,20261231
406011724,1,1,1,1,1,0,0,20260825,20261231
406011809,1,1,1,1,1,0,0,20260825,20261231
406011855,1,1,1,1,1,0,0,20260825,20261231
406011940,1,1,1,1,1,0,0,20260825,20261231
406012026,1,1,1,1,1,0,0,20260825,20261231
406012111,1,1,1,1,1,0,0,20260825,20261231
406012150,1,1,1,1,1,0,0,20260825,20261231
406012225,1,1,1,1,1,0,0,20260825,20261231
406012255,1,1,1,1,1,0,0,20260825,20261231
406012325,1,1,1,1,1,0,0,20260825,20261231
500010625,1,1,1,1,1,0,0,20260825,20261231
500010655,1,1,1,1,1,0,0,20260825,20261231
500010725,1,1,1,1,1,0,0,20260825,20261231
500010802,1,1,1,1,1,0,0,20260825,20261231
500010845,1,1,1,1,1,0,0,20260825,20261231
500010920,1,1,1,1,1,0,0,20260825,20261231
500011002,1,1,1,1,1,0,0,20260825,20261231
500011037,1,1,1,1,1,0,0,20260825,20261231
500011118,1,1,1,1,1,0,0,20260825,20261231
500011153,1,1,1,1,1,0,0,20260825,20261231
500011234,1,1,1,1,1,0,0,20260825,20261231
500011309,1,1,1,1,1,0,0,20260825,20261231
500011350,1,1,1,1,1,0,0,20260825,20261231
500011425,1,1,1,1,1,0,0,20260825,20261231
500011506,1,1,1,1,1,0,0,20260825,20261231
500011541,1,1,1,1,1,0,0,20260825,20261231
500011622,1,1,1,1,1,0,0,20260825,20261231
500011657,1,1,1,1,1,0,0,20260825,20261231
500011738,1,1,1,1,1,0,0,20260825,20261231
500011813,1,1,1,1,1,0,0,20260825,20261231
500011854,1,1,1,1,1,0,0,20260825,20261231
500011929,1,1,1,1,1,0,0,20260825,20261231
500012010,1,1,1,1,1,0,0,20260825,20261231
500012045,1,1,1,1,1,0,0,20260825,20261231
500012125,1,1,1,1,1,0,0,20260825,20261231
500020655,0,0,0,0,0,1,0,20260825,20261231
500020725,0,0,0,0,0,1,0,20260825,20261231
500020758,0,0,0,0,0,1,0,20260825,20261231
500020834,0,0,0,0,0,1,0,20260825,20261231
500020907,0,0,0,0,0,1,0,20260825,20261231
500020943,0,0,0,0,0,1,0,20260825,20261231
500021016,0,0,0,0,0,1,0,20260825,20261231
500021052,0,0,0,0,0,1,0,20260825,20261231
500021125,0,0,0,0,0,1,0,20260825,20261231
500021201,0,0,0,0,0,1,0,20260825,20261231
500021234,0,0,0,0,0,1,0,20260825,20261231
500021313,0,0,0,0,0,1,0,20260825,20261231
500021351,0,0,0,0,0,1,0,20260825,20261231
500021431,0,0,0,0,0,1,0,20260825,20261231
500021509,0,0,0,0,0,1,0,20260825,20261231
500021549,0,0,0,0,0,1,0,20260825,20261231
500021627,0,0,0,0,0,1,0,20260825,20261231
500021707,0,0,0,0,0,1,0,20260825,20261231
500021745,0,0,0,0,0,1,0,20260825,20261231
500021825,0,0,0,0,0,1,0,20260825,20261231
500021903,0,0,0,0,0,1,0,20260825,20261231
500021943,0,0,0,0,0,1,0,20260825,20261231
500022021,0,0,0,0,0,1,0,20260825,20261231
500022101,0,0,0,0,0,1,0,20260825,20261231
500022139,0,0,0,0,0,1,0,20260825,20261231
500030730,0,0,0,0,0,0,1,20260825,20261231
500030805,0,0,0,0,0,0,1,20260825,20261231
500030840,0,0,0,0,0,0,1,20260825,20261231
500030918,0,0,0,0,0,0,1,20260825,20261231
500030958,0,0,0,0,0,0,1,20260825,20261231
500031036,0,0,0,0,0,0,1,20260825,20261231
500031116,0,0,0,0,0,0,1,20260825,20261231
500031154,0,0,0,0,0,0,1,20260825,20261231
500031234,0,0,0,0,0,0,1,20260825,20261231
500031312,0,0,0,0,0,0,1,20260825,20261231
500031352,0,0,0,0,0,0,1,20260825,20261231
500031430,0,0,0,0,0,0,1,20260825,20261231
500031508,0,0,0,0,0,0,1,20260825,20261231
500031546,0,0,0,0,0,0,1,20260825,20261231
500031626,0,0,0,0,0,0,1,20260825,20261231
500031704,0,0,0,0,0,0,1,20260825,20261231
500031744,0,0,0,0,0,0,1,20260825,20261231
500031822,0,0,0,0,0,0,1,20260825,20261231
500031902,0,0,0,0,0,0,1,20260825,20261231
500031940,0,0,0,0,0,0,1,20260825,20261231
500032020,0,0,0,0,0,0,1,20260825,20261231
500032058,0,0,0,0,0,0,1,20260825,20261231
500032138,0,0,0,0,0,0,1,20260825,20261231
500032215,0,0,0,0,0,0,1,20260825,20261231
501010745,1,1,1,1,1,0,0,20260825,20261231
501010820,1,1,1,1,1,0,0,20260825,20261231
501010905,1,1,1,1,1,0,0,20260825,20261231
501010940,1,1,1,1,1,0,0,20260825,20261231
501011021,1,1,1,1,1,0,0,20260825,20261231
501011056,1,1,1,1,1,0,0,20260825,20261231
501011137,1,1,1,1,1,0,0,20260825,20261231
501011212,1,1,1,1,1,0,0,20260825,20261231
501011253,1,1,1,1,1,0,0,20260825,20261231
501011328,1,1,1,1,1,0,0,20260825,20261231
501011409,1,1,1,1,1,0,0,20260825,20261231
501011444,1,1,1,1,1,0,0,20260825,20261231
501011525,1,1,1,1,1,0,0,20260825,20261231
501011600,1,1,1,1,1,0,0,20260825,20261231
501011641,1,1,1,1,1,0,0,20260825,20261231
501011716,1,1,1,1,1,0,0,20260825,20261231
501011757,1,1,1,1,1,0,0,20260825,20261231
501011832,1,1,1,1,1,0,0,20260825,20261231
501011913,1,1,1,1,1,0,0,20260825,20261231
501011948,1,1,1,1,1,0,0,20260825,20261231
501012027,1,1,1,1,1,0,0,20260825,20261231
501012100,1,1,1,1,1,0,0,20260825,20261231
501012140,1,1,1,1,1,0,0,20260825,20261231
501012210,1,1,1,1,1,0,0,20260825,20261231
501012240,1,1,1,1,1,0,0,20260825,20261231
501020748,0,0,0,0,0,1,0,20260825,20261231
501020821,0,0,0,0,0,1,0,20260825,20261231
501020857,0,0,0,0,0,1,0,20260825,20261231
501020930,0,0,0,0,0,1,0,20260825,20261231
501021006,0,0,0,0,0,1,0,20260825,20261231
501021039,0,0,0,0,0,1,0,20260825,20261231
501021115,0,0,0,0,0,1,0,20260825,20261231
501021148,0,0,0,0,0,1,0,20260825,20261231
501021224,0,0,0,0,0,1,0,20260825,20261231
501021259,0,0,0,0,0,1,0,20260825,20261231
501021339,0,0,0,0,0,1,0,20260825,20261231
501021417,0,0,0,0,0,1,0,20260825,20261231
501021457,0,0,0,0,0,1,0,20260825,20261231
501021535,0,0,0,0,0,1,0,20260825,20261231
501021615,0,0,0,0,0,1,0,20260825,20261231
501021653,0,0,0,0,0,1,0,20260825,20261231
501021733,0,0,0,0,0,1,0,20260825,20261231
501021811,0,0,0,0,0,1,0,20260825,20261231
501021851,0,0,0,0,0,1,0,20260825,20261231
501021929,0,0,0,0,0,1,0,20260825,20261231
501022009,0,0,0,0,0,1,0,20260825,20261231
501022047,0,0,0,0,0,1,0,20260825,20261231
501022127,0,0,0,0,0,1,0,20260825,20261231
501022205,0,0,0,0,0,1,0,20260825,20261231
501022245,0,0,0,0,0,1,0,20260825,20261231
501031612,0,0,0,0,0,0,1,20260825,20261231
501031652,0,0,0,0,0,0,1,20260825,20261231
501031730,0,0,0,0,0,0,1,20260825,20261231
501031810,0,0,0,0,0,0,1,20260825,20261231
501031848,0,0,0,0,0,0,1,20260825,20261231
501031928,0,0,0,0,0,0,1,20260825,20261231
501032006,0,0,0,0,0,0,1,20260825,20261231
501032046,0,0,0,0,0,0,1,20260825,20261231
501032124,0,0,0,0,0,0,1,20260825,20261231
501032202,0,0,0,0,0,0,1,20260825,20261231
501032235,0,0,0,0,0,0,1,20260825,20261231
501032310,0,0,0,0,0,0,1,20260825,20261231
502010655,1,1,1,1,1,0,0,20260825,20261231
502010725,1,1,1,1,1,0,0,20260825,20261231
502010805,1,1,1,1,1,0,0,20260825,20261231
502010840,1,1,1,1,1,0,0,20260825,20261231
502010924,1,1,1,1,1,0,0,20260825,20261231
502010959,1,1,1,1,1,0,0,20260825,20261231
502011040,1,1,1,1,1,0,0,20260825,20261231
502011115,1,1,1,1,1,0,0,20260825,20261231
502011156,1,1,1,1,1,0,0,20260825,20261231
502011231,1,1,1,1,1,0,0,20260825,20261231
502011312,1,1,1,1,1,0,0,20260825,20261231
502011347,1,1,1,1,1,0,0,20260825,20261231
502011428,1,1,1,1,1,0,0,20260825,20261231
502011503,1,1,1,1,1,0,0,20260825,20261231
502011544,1,1,1,1,1,0,0,20260825,20261231
502011619,1,1,1,1,1,0,0,20260825,20261231
502011700,1,1,1,1,1,0,0,20260825,20261231
502011735,1,1,1,1,1,0,0,20260825,20261231
502011816,1,1,1,1,1,0,0,20260825,20261231
502011851,1,1,1,1,1,0,0,20260825,20261231
502011932,1,1,1,1,1,0,0,20260825,20261231
502012007,1,1,1,1,1,0,0,20260825,20261231
502012048,1,1,1,1,1,0,0,20260825,20261231
502012121,1,1,1,1,1,0,0,20260825,20261231
502012155,1,1,1,1,1,0,0,20260825,20261231
502020811,0,0,0,0,0,1,0,20260825,20261231
502020844,0,0,0,0,0,1,0,20260825,20261231
502020920,0,0,0,0,0,1,0,20260825,20261231
502020953,0,0,0,0,0,1,0,20260825,20261231
502021029,0,0,0,0,0,1,0,20260825,20261231
502021102,0,0,0,0,0,1,0,20260825,20261231
502021138,0,0,0,0,0,1,0,20260825,20261231
502021211,0,0,0,0,0,1,0,20260825,20261231
502021250,0,0,0,0,0,1,0,20260825,20261231
502021325,0,0,0,0,0,1,0,20260825,20261231
502021405,0,0,0,0,0,1,0,20260825,20261231
502021443,0,0,0,0,0,1,0,20260825,20261231
502021523,0,0,0,0,0,1,0,20260825,20261231
502021601,0,0,0,0,0,1,0,20260825,20261231
502021641,0,0,0,0,0,1,0,20260825,20261231
502021719,0,0,0,0,0,1,0,20260825,20261231
502021759,0,0,0,0,0,1,0,20260825,20261231
502021837,0,0,0,0,0,1,0,20260825,20261231
502021917,0,0,0,0,0,1,0,20260825,20261231
502021955,0,0,0,0,0,1,0,20260825,20261231
502022035,0,0,0,0,0,1,0,20260825,20261231
502022113,0,0,0,0,0,1,0,20260825,20261231
502022153,0,0,0,0,0,1,0,20260825,20261231
502022230,0,0,0,0,0,1,0,20260825,20261231
502022305,0,0,0,0,0,1,0,20260825,20261231
502030805,0,0,0,0,0,0,1,20260825,20261231
502030839,0,0,0,0,0,0,1,20260825,20261231
502030919,0,0,0,0,0,0,1,20260825,20261231
502030957,0,0,0,0,0,0,1,20260825,20261231
502031037,0,0,0,0,0,0,1,20260825,20261231
502031115,0,0,0,0,0,0,1,20260825,20261231
502031155,0,0,0,0,0,0,1,20260825,20261231
502031233,0,0,0,0,0,0,1,20260825,20261231
502031313,0,0,0,0,0,0,1,20260825,20261231
502031351,0,0,0,0,0,0,1,20260825,20261231
502031431,0,0,0,0,0,0,1,20260825,20261231
502031509,0,0,0,0,0,0,1,20260825,20261231
502031553,0,0,0,0,0,0,1,20260825,20261231
502031636,0,0,0,0,0,0,1,20260825,20261231
502031718,0,0,0,0,0,0,1,20260825,20261231
502031756,0,0,0,0,0,0,1,20260825,20261231
502031836,0,0,0,0,0,0,1,20260825,20261231
502031914,0,0,0,0,0,0,1,20260825,20261231
502031954,0,0,0,0,0,0,1,20260825,20261231
502032032,0,0,0,0,0,0,1,20260825,20261231
502032112,0,0,0,0,0,0,1,20260825,20261231
502032150,0,0,0,0,0,0,1,20260825,20261231
502032225,0,0,0,0,0,0,1,20260825,20261231
502032300,0,0,0,0,0,0,1,20260825,20261231
503010745,1,1,1,1,1,0,0,20260825,20261231
503010825,1,1,1,1,1,0,0,20260825,20261231
503010900,1,1,1,1,1,0,0,20260825,20261231
503010943,1,1,1,1,1,0,0,20260825,20261231
503011018,1,1,1,1,1,0,0,20260825,20261231
503011059,1,1,1,1,1,0,0,20260825,20261231
503011134,1,1,1,1,1,0,0,20260825,20261231
503011215,1,1,1,1,1,0,0,20260825,20261231
503011250,1,1,1,1,1,0,0,20260825,20261231
503011331,1,1,1,1,1,0,0,20260825,20261231
503011406,1,1,1,1,1,0,0,20260825,20261231
503011447,1,1,1,1,1,0,0,20260825,20261231
503011522,1,1,1,1,1,0,0,20260825,20261231
503011603,1,1,1,1,1,0,0,20260825,20261231
503011638,1,1,1,1,1,0,0,20260825,20261231
503011719,1,1,1,1,1,0,0,20260825,20261231
503011754,1,1,1,1,1,0,0,20260825,20261231
503011835,1,1,1,1,1,0,0,20260825,20261231
503011910,1,1,1,1,1,0,0,20260825,20261231
503011951,1,1,1,1,1,0,0,20260825,20261231
503012026,1,1,1,1,1,0,0,20260825,20261231
503012105,1,1,1,1,1,0,0,20260825,20261231
503012140,1,1,1,1,1,0,0,20260825,20261231
503012210,1,1,1,1,1,0,0,20260825,20261231
503012240,1,1,1,1,1,0,0,20260825,20261231
600010700,1,1,1,1,1,0,0,20260825,20261231
600010735,1,1,1,1,1,0,0,20260825,20261231
600010815,1,1,1,1,1,0,0,20260825,20261231
600010852,1,1,1,1,1,0,0,20260825,20261231
600010934,1,1,1,1,1,0,0,20260825,20261231
600011016,1,1,1,1,1,0,0,20260825,20261231
600011058,1,1,1,1,1,0,0,20260825,20261231
600011140,1,1,1,1,1,0,0,20260825,20261231
600011222,1,1,1,1,1,0,0,20260825,20261231
600011304,1,1,1,1,1,0,0,20260825,20261231
600011346,1,1,1,1,1,0,0,20260825,20261231
600011428,1,1,1,1,1,0,0,20260825,20261231
600011510,1,1,1,1,1,0,0,20260825,20261231
600011552,1,1,1,1,1,0,0,20260825,20261231
600011634,1,1,1,1,1,0,0,20260825,20261231
600011716,1,1,1,1,1,0,0,20260825,20261231
600011758,1,1,1,1,1,0,0,20260825,20261231
600011840,1,1,1,1,1,0,0,20260825,20261231
600011922,1,1,1,1,1,0,0,20260825,20261231
600012004,1,1,1,1,1,0,0,20260825,20261231
600012046,1,1,1,1,1,0,0,20260825,20261231
600012128,1,1,1,1,1,0,0,20260825,20261231
600012205,1,1,1,1,1,0,0,20260825,20261231
600020715,0,0,0,0,0,1,0,20260825,20261231
600020740,0,0,0,0,0,1,0,20260825,20261231
600020810,0,0,0,0,0,1,0,20260825,20261231
600020847,0,0,0,0,0,1,0,20260825,20261231
600020930,0,0,0,0,0,1,0,20260825,20261231
600021010,0,0,0,0,0,1,0,20260825,20261231
600021050,0,0,0,0,0,1,0,20260825,20261231
600021130,0,0,0,0,0,1,0,20260825,20261231
600021210,0,0,0,0,0,1,0,20260825,20261231
600021250,0,0,0,0,0,1,0,20260825,20261231
600021330,0,0,0,0,0,1,0,20260825,20261231
600021410,0,0,0,0,0,1,0,20260825,20261231
600021450,0,0,0,0,0,1,0,20260825,20261231
600021530,0,0,0,0,0,1,0,20260825,20261231
600021610,0,0,0,0,0,1,0,20260825,20261231
600021650,0,0,0,0,0,1,0,20260825,20261231
600021730,0,0,0,0,0,1,0,20260825,20261231
600021810,0,0,0,0,0,1,0,20260825,20261231
600021850,0,0,0,0,0,1,0,20260825,20261231
600021930,0,0,0,0,0,1,0,20260825,20261231
600022010,0,0,0,0,0,1,0,20260825,20261231
600022050,0,0,0,0,0,1,0,20260825,20261231
600022130,0,0,0,0,0,1,0,20260825,20261231
600022210,0,0,0,0,0,1,0,20260825,20261231
600030755,0,0,0,0,0,0,1,20260825,20261231
600030817,0,0,0,0,0,0,1,20260825,20261231
600030856,0,0,0,0,0,0,1,20260825,20261231
600030929,0,0,0,0,0,0,1,20260825,20261231
600031008,0,0,0,0,0,0,1,20260825,20261231
600031041,0,0,0,0,0,0,1,20260825,20261231
600031120,0,0,0,0,0,0,1,20260825,20261231
600031153,0,0,0,0,0,0,1,20260825,20261231
600031232,0,0,0,0,0,0,1,20260825,20261231
600031305,0,0,0,0,0,0,1,20260825,20261231
600031344,0,0,0,0,0,0,1,20260825,20261231
600031417,0,0,0,0,0,0,1,20260825,20261231
600031456,0,0,0,0,0,0,1,20260825,20261231
600031529,0,0,0,0,0,0,1,20260825,20261231
600031610,0,0,0,0,0,0,1,20260825,20261231
600031647,0,0,0,0,0,0,1,20260825,20261231
600031730,0,0,0,0,0,0,1,20260825,20261231
600031807,0,0,0,0,0,0,1,20260825,20261231
600031850,0,0,0,0,0,0,1,20260825,20261231
600031927,0,0,0,0,0,0,1,20260825,20261231
600032010,0,0,0,0,0,0,1,20260825,20261231
600032047,0,0,0,0,0,0,1,20260825,20261231
600032130,0,0,0,0,0,0,1,20260825,20261231
600032207,0,0,0,0,0,0,1,20260825,20261231
600032245,0,0,0,0,0,0,1,20260825,20261231
601010745,1,1,1,1,1,0,0,20260825,20261231
601010825,1,1,1,1,1,0,0,20260825,20261231
601010904,1,1,1,1,1,0,0,20260825,20261231
601010946,1,1,1,1,1,0,0,20260825,20261231
601011028,1,1,1,1,1,0,0,20260825,20261231
601011110,1,1,1,1,1,0,0,20260825,20261231
601011152,1,1,1,1,1,0,0,20260825,20261231
601011234,1,1,1,1,1,0,0,20260825,20261231
601011316,1,1,1,1,1,0,0,20260825,20261231
601011358,1,1,1,1,1,0,0,20260825,20261231
601011440,1,1,1,1,1,0,0,20260825,20261231
601011522,1,1,1,1,1,0,0,20260825,20261231
601011604,1,1,1,1,1,0,0,20260825,20261231
601011646,1,1,1,1,1,0,0,20260825,20261231
601011728,1,1,1,1,1,0,0,20260825,20261231
601011810,1,1,1,1,1,0,0,20260825,20261231
601011852,1,1,1,1,1,0,0,20260825,20261231
601011934,1,1,1,1,1,0,0,20260825,20261231
601012016,1,1,1,1,1,0,0,20260825,20261231
601012058,1,1,1,1,1,0,0,20260825,20261231
601012140,1,1,1,1,1,0,0,20260825,20261231
601012215,1,1,1,1,1,0,0,20260825,20261231
601012245,1,1,1,1,1,0,0,20260825,20261231
601020750,0,0,0,0,0,1,0,20260825,20261231
601020826,0,0,0,0,0,1,0,20260825,20261231
601020904,0,0,0,0,0,1,0,20260825,20261231
601020946,0,0,0,0,0,1,0,20260825,20261231
601021026,0,0,0,0,0,1,0,20260825,20261231
601021106,0,0,0,0,0,1,0,20260825,20261231
601021146,0,0,0,0,0,1,0,20260825,20261231
601021226,0,0,0,0,0,1,0,20260825,20261231
601021306,0,0,0,0,0,1,0,20260825,20261231
601021346,0,0,0,0,0,1,0,20260825,20261231
601021426,0,0,0,0,0,1,0,20260825,20261231
601021506,0,0,0,0,0,1,0,20260825,20261231
601021546,0,0,0,0,0,1,0,20260825,20261231
601021626,0,0,0,0,0,1,0,20260825,20261231
601021706,0,0,0,0,0,1,0,20260825,20261231
601021746,0,0,0,0,0,1,0,20260825,20261231
601021826,0,0,0,0,0,1,0,20260825,20261231
601021906,0,0,0,0,0,1,0,20260825,20261231
601021946,0,0,0,0,0,1,0,20260825,20261231
601022026,0,0,0,0,0,1,0,20260825,20261231
601022106,0,0,0,0,0,1,0,20260825,20261231
601022145,0,0,0,0,0,1,0,20260825,20261231
601022220,0,0,0,0,0,1,0,20260825,20261231
601022250,0,0,0,0,0,1,0,20260825,20261231
601030813,0,0,0,0,0,0,1,20260825,20261231
601030841,0,0,0,0,0,0,1,20260825,20261231
601030920,0,0,0,0,0,0,1,20260825,20261231
601030953,0,0,0,0,0,0,1,20260825,20261231
601031032,0,0,0,0,0,0,1,20260825,20261231
601031105,0,0,0,0,0,0,1,20260825,20261231
601031144,0,0,0,0,0,0,1,20260825,20261231
601031217,0,0,0,0,0,0,1,20260825,20261231
601031256,0,0,0,0,0,0,1,20260825,20261231
601031329,0,0,0,0,0,0,1,20260825,20261231
601031408,0,0,0,0,0,0,1,20260825,20261231
601031441,0,0,0,0,0,0,1,20260825,20261231
601031520,0,0,0,0,0,0,1,20260825,20261231
601031549,0,0,0,0,0,0,1,20260825,20261231
601031630,0,0,0,0,0,0,1,20260825,20261231
601031707,0,0,0,0,0,0,1,20260825,20261231
601031750,0,0,0,0,0,0,1,20260825,20261231
601031827,0,0,0,0,0,0,1,20260825,20261231
601031910,0,0,0,0,0,0,1,20260825,20261231
601031947,0,0,0,0,0,0,1,20260825,20261231
601032030,0,0,0,0,0,0,1,20260825,20261231
601032107,0,0,0,0,0,0,1,20260825,20261231
601032150,0,0,0,0,0,0,1,20260825,20261231
601032227,0,0,0,0,0,0,1,20260825,20261231
601032305,0,0,0,0,0,0,1,20260825,20261231
602010720,1,1,1,1,1,0,0,20260825,20261231
602010750,1,1,1,1,1,0,0,20260825,20261231
602010835,1,1,1,1,1,0,0,20260825,20261231
602010916,1,1,1,1,1,0,0,20260825,20261231
602010958,1,1,1,1,1,0,0,20260825,20261231
602011040,1,1,1,1,1,0,0,20260825,20261231
602011122,1,1,1,1,1,0,0,20260825,20261231
602011204,1,1,1,1,1,0,0,20260825,20261231
602011246,1,1,1,1,1,0,0,20260825,20261231
602011328,1,1,1,1,1,0,0,20260825,20261231
602011410,1,1,1,1,1,0,0,20260825,20261231
602011452,1,1,1,1,1,0,0,20260825,20261231
602011534,1,1,1,1,1,0,0,20260825,20261231
602011616,1,1,1,1,1,0,0,20260825,20261231
602011658,1,1,1,1,1,0,0,20260825,20261231
602011740,1,1,1,1,1,0,0,20260825,20261231
602011822,1,1,1,1,1,0,0,20260825,20261231
602011904,1,1,1,1,1,0,0,20260825,20261231
602011946,1,1,1,1,1,0,0,20260825,20261231
602012028,1,1,1,1,1,0,0,20260825,20261231
602012110,1,1,1,1,1,0,0,20260825,20261231
602012150,1,1,1,1,1,0,0,20260825,20261231
602012225,1,1,1,1,1,0,0,20260825,20261231
602020728,0,0,0,0,0,1,0,20260825,20261231
602020800,0,0,0,0,0,1,0,20260825,20261231
602020842,0,0,0,0,0,1,0,20260825,20261231
602020921,0,0,0,0,0,1,0,20260825,20261231
602021002,0,0,0,0,0,1,0,20260825,20261231
602021042,0,0,0,0,0,1,0,20260825,20261231
602021122,0,0,0,0,0,1,0,20260825,20261231
602021202,0,0,0,0,0,1,0,20260825,20261231
602021242,0,0,0,0,0,1,0,20260825,20261231
602021322,0,0,0,0,0,1,0,20260825,20261231
602021402,0,0,0,0,0,1,0,20260825,20261231
602021442,0,0,0,0,0,1,0,20260825,20261231
602021522,0,0,0,0,0,1,0,20260825,20261231
602021602,0,0,0,0,0,1,0,20260825,20261231
602021642,0,0,0,0,0,1,0,20260825,20261231
602021722,0,0,0,0,0,1,0,20260825,20261231
602021802,0,0,0,0,0,1,0,20260825,20261231
602021842,0,0,0,0,0,1,0,20260825,20261231
602021922,0,0,0,0,0,1,0,20260825,20261231
602022002,0,0,0,0,0,1,0,20260825,20261231
602022042,0,0,0,0,0,1,0,20260825,20261231
602022120,0,0,0,0,0,1,0,20260825,20261231
602022200,0,0,0,0,0,1,0,20260825,20261231
602030740,0,0,0,0,0,0,1,20260825,20261231
602030802,0,0,0,0,0,0,1,20260825,20261231
602030832,0,0,0,0,0,0,1,20260825,20261231
602030905,0,0,0,0,0,0,1,20260825,20261231
602030944,0,0,0,0,0,0,1,20260825,20261231
602031017,0,0,0,0,0,0,1,20260825,20261231
602031056,0,0,0,0,0,0,1,20260825,20261231
602031129,0,0,0,0,0,0,1,20260825,20261231
602031208,0,0,0,0,0,0,1,20260825,20261231
602031241,0,0,0,0,0,0,1,20260825,20261231
602031320,0,0,0,0,0,0,1,20260825,20261231
602031353,0,0,0,0,0,0,1,20260825,20261231
602031432,0,0,0,0,0,0,1,20260825,20261231
602031505,0,0,0,0,0,0,1,20260825,20261231
602031542,0,0,0,0,0,0,1,20260825,20261231
602031607,0,0,0,0,0,0,1,20260825,20261231
602031650,0,0,0,0,0,0,1,20260825,20261231
602031727,0,0,0,0,0,0,1,20260825,20261231
602031810,0,0,0,0,0,0,1,20260825,20261231
602031847,0,0,0,0,0,0,1,20260825,20261231
602031930,0,0,0,0,0,0,1,20260825,20261231
602032007,0,0,0,0,0,0,1,20260825,20261231
602032050,0,0,0,0,0,0,1,20260825,20261231
602032127,0,0,0,0,0,0,1,20260825,20261231
602032205,0,0,0,0,0,0,1,20260825,20261231
602032237,0,0,0,0,0,0,1,20260825,20261231
603010700,1,1,1,1,1,0,0,20260825,20261231
603010732,1,1,1,1,1,0,0,20260825,20261231
603010803,1,1,1,1,1,0,0,20260825,20261231
603010846,1,1,1,1,1,0,0,20260825,20261231
603010928,1,1,1,1,1,0,0,20260825,20261231
603011010,1,1,1,1,1,0,0,20260825,20261231
603011052,1,1,1,1,1,0,0,20260825,20261231
603011134,1,1,1,1,1,0,0,20260825,20261231
603011216,1,1,1,1,1,0,0,20260825,20261231
603011258,1,1,1,1,1,0,0,20260825,20261231
603011340,1,1,1,1,1,0,0,20260825,20261231
603011422,1,1,1,1,1,0,0,20260825,20261231
603011504,1,1,1,1,1,0,0,20260825,20261231
603011546,1,1,1,1,1,0,0,20260825,20261231
603011628,1,1,1,1,1,0,0,20260825,20261231
603011710,1,1,1,1,1,0,0,20260825,20261231
603011752,1,1,1,1,1,0,0,20260825,20261231
603011834,1,1,1,1,1,0,0,20260825,20261231
603011916,1,1,1,1,1,0,0,20260825,20261231
603011958,1,1,1,1,1,0,0,20260825,20261231
603012040,1,1,1,1,1,0,0,20260825,20261231
603012122,1,1,1,1,1,0,0,20260825,20261231
603012200,1,1,1,1,1,0,0,20260825,20261231
603020710,0,0,0,0,0,1,0,20260825,20261231
603020740,0,0,0,0,0,1,0,20260825,20261231
603020816,0,0,0,0,0,1,0,20260825,20261231
603020858,0,0,0,0,0,1,0,20260825,20261231
603020938,0,0,0,0,0,1,0,20260825,20261231
603021018,0,0,0,0,0,1,0,20260825,20261231
603021058,0,0,0,0,0,1,0,20260825,20261231
603021138,0,0,0,0,0,1,0,20260825,20261231
603021218,0,0,0,0,0,1,0,20260825,20261231
603021258,0,0,0,0,0,1,0,20260825,20261231
603021338,0,0,0,0,0,1,0,20260825,20261231
603021418,0,0,0,0,0,1,0,20260825,20261231
603021458,0,0,0,0,0,1,0,20260825,20261231
603021538,0,0,0,0,0,1,0,20260825,20261231
603021618,0,0,0,0,0,1,0,20260825,20261231
603021658,0,0,0,0,0,1,0,20260825,20261231
603021738,0,0,0,0,0,1,0,20260825,20261231
603021818,0,0,0,0,0,1,0,20260825,20261231
603021858,0,0,0,0,0,1,0,20260825,20261231
603021938,0,0,0,0,0,1,0,20260825,20261231
603022018,0,0,0,0,0,1,0,20260825,20261231
603022055,0,0,0,0,0,1,0,20260825,20261231
603022130,0,0,0,0,0,1,0,20260825,20261231
603022210,0,0,0,0,0,1,0,20260825,20261231
603031627,0,0,0,0,0,0,1,20260825,20261231
603031710,0,0,0,0,0,0,1,20260825,20261231
603031747,0,0,0,0,0,0,1,20260825,20261231
603031830,0,0,0,0,0,0,1,20260825,20261231
603031907,0,0,0,0,0,0,1,20260825,20261231
603031950,0,0,0,0,0,0,1,20260825,20261231
603032027,0,0,0,0,0,0,1,20260825,20261231
603032110,0,0,0,0,0,0,1,20260825,20261231
603032147,0,0,0,0,0,0,1,20260825,20261231
603032230,0,0,0,0,0,0,1,20260825,20261231
603032307,0,0,0,0,0,0,1,20260825,20261231
604010715,1,1,1,1,1,0,0,20260825,20261231
604010745,1,1,1,1,1,0,0,20260825,20261231
604010815,1,1,1,1,1,0,0,20260825,20261231
604010858,1,1,1,1,1,0,0,20260825,20261231
604010940,1,1,1,1,1,0,0,20260825,20261231
604011022,1,1,1,1,1,0,0,20260825,20261231
604011104,1,1,1,1,1,0,0,20260825,20261231
604011146,1,1,1,1,1,0,0,20260825,20261231
604011228,1,1,1,1,1,0,0,20260825,20261231
604011310,1,1,1,1,1,0,0,20260825,20261231
604011352,1,1,1,1,1,0,0,20260825,20261231
604011434,1,1,1,1,1,0,0,20260825,20261231
604011516,1,1,1,1,1,0,0,20260825,20261231
604011558,1,1,1,1,1,0,0,20260825,20261231
604011640,1,1,1,1,1,0,0,20260825,20261231
604011722,1,1,1,1,1,0,0,20260825,20261231
604011804,1,1,1,1,1,0,0,20260825,20261231
604011846,1,1,1,1,1,0,0,20260825,20261231
604011928,1,1,1,1,1,0,0,20260825,20261231
604012010,1,1,1,1,1,0,0,20260825,20261231
604012052,1,1,1,1,1,0,0,20260825,20261231
604012134,1,1,1,1,1,0,0,20260825,20261231
604012210,1,1,1,1,1,0,0,20260825,20261231
604020725,0,0,0,0,0,1,0,20260825,20261231
604020754,0,0,0,0,0,1,0,20260825,20261231
604020830,0,0,0,0,0,1,0,20260825,20261231
604020914,0,0,0,0,0,1,0,20260825,20261231
604020954,0,0,0,0,0,1,0,20260825,20261231
604021034,0,0,0,0,0,1,0,20260825,20261231
604021114,0,0,0,0,0,1,0,20260825,20261231
604021154,0,0,0,0,0,1,0,20260825,20261231
604021234,0,0,0,0,0,1,0,20260825,20261231
604021314,0,0,0,0,0,1,0,20260825,20261231
604021354,0,0,0,0,0,1,0,20260825,20261231
604021434,0,0,0,0,0,1,0,20260825,20261231
604021514,0,0,0,0,0,1,0,20260825,20261231
604021554,0,0,0,0,0,1,0,20260825,20261231
604021634,0,0,0,0,0,1,0,20260825,20261231
604021714,0,0,0,0,0,1,0,20260825,20261231
604021754,0,0,0,0,0,1,0,20260825,20261231
604021834,0,0,0,0,0,1,0,20260825,20261231
604021914,0,0,0,0,0,1,0,20260825,20261231
604021954,0,0,0,0,0,1,0,20260825,20261231
604022034,0,0,0,0,0,1,0,20260825,20261231
604022114,0,0,0,0,0,1,0,20260825,20261231
604022150,0,0,0,0,0,1,0,20260825,20261231
604022220,0,0,0,0,0,1,0,20260825,20261231
605010755,1,1,1,1,1,0,0,20260825,20261231
605010827,1,1,1,1,1,0,0,20260825,20261231
605010910,1,1,1,1,1,0,0,20260825,20261231
605010952,1,1,1,1,1,0,0,20260825,20261231
605011034,1,1,1,1,1,0,0,20260825,20261231
605011116,1,1,1,1,1,0,0,20260825,20261231
605011158,1,1,1,1,1,0,0,20260825,20261231
605011240,1,1,1,1,1,0,0,20260825,20261231
605011322,1,1,1,1,1,0,0,20260825,20261231
605011404,1,1,1,1,1,0,0,20260825,20261231
605011446,1,1,1,1,1,0,0,20260825,20261231
605011528,1,1,1,1,1,0,0,20260825,20261231
605011610,1,1,1,1,1,0,0,20260825,20261231
605011652,1,1,1,1,1,0,0,20260825,20261231
605011734,1,1,1,1,1,0,0,20260825,20261231
605011816,1,1,1,1,1,0,0,20260825,20261231
605011858,1,1,1,1,1,0,0,20260825,20261231
605011940,1,1,1,1,1,0,0,20260825,20261231
605012022,1,1,1,1,1,0,0,20260825,20261231
605012104,1,1,1,1,1,0,0,20260825,20261231
605012145,1,1,1,1,1,0,0,20260825,20261231
605012223,1,1,1,1,1,0,0,20260825,20261231
605012250,1,1,1,1,1,0,0,20260825,20261231
606010805,1,1,1,1,1,0,0,20260825,20261231
606010837,1,1,1,1,1,0,0,20260825,20261231
606010922,1,1,1,1,1,0,0,20260825,20261231
606011004,1,1,1,1,1,0,0,20260825,20261231
606011046,1,1,1,1,1,0,0,20260825,20261231
606011128,1,1,1,1,1,0,0,20260825,20261231
606011210,1,1,1,1,1,0,0,20260825,20261231
606011252,1,1,1,1,1,0,0,20260825,20261231
606011334,1,1,1,1,1,0,0,20260825,20261231
606011416,1,1,1,1,1,0,0,20260825,20261231
606011458,1,1,1,1,1,0,0,20260825,20261231
606011540,1,1,1,1,1,0,0,20260825,20261231
606011622,1,1,1,1,1,0,0,20260825,20261231
606011704,1,1,1,1,1,0,0,20260825,20261231
606011746,1,1,1,1,1,0,0,20260825,20261231
606011828,1,1,1,1,1,0,0,20260825,20261231
606011910,1,1,1,1,1,0,0,20260825,20261231
606011952,1,1,1,1,1,0,0,20260825,20261231
606012034,1,1,1,1,1,0,0,20260825,20261231
606012116,1,1,1,1,1,0,0,20260825,20261231
606012156,1,1,1,1,1,0,0,20260825,20261231
606012232,1,1,1,1,1,0,0,20260825,20261231
606012305,1,1,1,1,1,0,0,20260825,20261231
700010650,1,1,1,1,1,0,0,20260825,20261231
700010725,1,1,1,1,1,0,0,20260825,20261231
700010753,1,1,1,1,1,0,0,20260825,20261231
700010830,1,1,1,1,1,0,0,20260825,20261231
700010905,1,1,1,1,1,0,0,20260825,20261231
700010950,1,1,1,1,1,0,0,20260825,20261231
700011025,1,1,1,1,1,0,0,20260825,20261231
700011110,1,1,1,1,1,0,0,20260825,20261231
700011145,1,1,1,1,1,0,0,20260825,20261231
700011230,1,1,1,1,1,0,0,20260825,20261231
700011305,1,1,1,1,1,0,0,20260825,20261231
700011350,1,1,1,1,1,0,0,20260825,20261231
700011425,1,1,1,1,1,0,0,20260825,20261231
700011510,1,1,1,1,1,0,0,20260825,20261231
700011545,1,1,1,1,1,0,0,20260825,20261231
700011630,1,1,1,1,1,0,0,20260825,20261231
700011705,1,1,1,1,1,0,0,20260825,20261231
700011750,1,1,1,1,1,0,0,20260825,20261231
700011825,1,1,1,1,1,0,0,20260825,20261231
700011910,1,1,1,1,1,0,0,20260825,20261231
700011945,1,1,1,1,1,0,0,20260825,20261231
700012030,1,1,1,1,1,0,0,20260825,20261231
700012105,1,1,1,1,1,0,0,20260825,20261231
700012150,1,1,1,1,1,0,0,20260825,20261231
700020645,0,0,0,0,0,1,0,20260825,20261231
700020710,0,0,0,0,0,1,0,20260825,20261231
700020735,0,0,0,0,0,1,0,20260825,20261231
700020800,0,0,0,0,0,1,0,20260825,20261231
700020832,0,0,0,0,0,1,0,20260825,20261231
700020908,0,0,0,0,0,1,0,20260825,20261231
700020940,0,0,0,0,0,1,0,20260825,20261231
700021023,0,0,0,0,0,1,0,20260825,20261231
700021056,0,0,0,0,0,1,0,20260825,20261231
700021139,0,0,0,0,0,1,0,20260825,20261231
700021212,0,0,0,0,0,1,0,20260825,20261231
700021255,0,0,0,0,0,1,0,20260825,20261231
700021328,0,0,0,0,0,1,0,20260825,20261231
700021411,0,0,0,0,0,1,0,20260825,20261231
700021444,0,0,0,0,0,1,0,20260825,20261231
700021527,0,0,0,0,0,1,0,20260825,20261231
700021600,0,0,0,0,0,1,0,20260825,20261231
700021643,0,0,0,0,0,1,0,20260825,20261231
700021716,0,0,0,0,0,1,0,20260825,20261231
700021759,0,0,0,0,0,1,0,20260825,20261231
700021832,0,0,0,0,0,1,0,20260825,20261231
700021915,0,0,0,0,0,1,0,20260825,20261231
700021948,0,0,0,0,0,1,0,20260825,20261231
700022031,0,0,0,0,0,1,0,20260825,20261231
700022104,0,0,0,0,0,1,0,20260825,20261231
700022147,0,0,0,0,0,1,0,20260825,20261231
700030730,0,0,0,0,0,0,1,20260825,20261231
700030753,0,0,0,0,0,0,1,20260825,20261231
700030822,0,0,0,0,0,0,1,20260825,20261231
700030858,0,0,0,0,0,0,1,20260825,20261231
700030931,0,0,0,0,0,0,1,20260825,20261231
700031007,0,0,0,0,0,0,1,20260825,20261231
700031040,0,0,0,0,0,0,1,20260825,20261231
700031116,0,0,0,0,0,0,1,20260825,20261231
700031149,0,0,0,0,0,0,1,20260825,20261231
700031225,0,0,0,0,0,0,1,20260825,20261231
700031258,0,0,0,0,0,0,1,20260825,20261231
700031334,0,0,0,0,0,0,1,20260825,20261231
700031407,0,0,0,0,0,0,1,20260825,20261231
700031442,0,0,0,0,0,0,1,20260825,20261231
700031514,0,0,0,0,0,0,1,20260825,20261231
700031547,0,0,0,0,0,0,1,20260825,20261231
700031620,0,0,0,0,0,0,1,20260825,20261231
700031659,0,0,0,0,0,0,1,20260825,20261231
700031732,0,0,0,0,0,0,1,20260825,20261231
700031811,0,0,0,0,0,0,1,20260825,20261231
700031844,0,0,0,0,0,0,1,20260825,20261231
700031923,0,0,0,0,0,0,1,20260825,20261231
700031956,0,0,0,0,0,0,1,20260825,20261231
700032035,0,0,0,0,0,0,1,20260825,20261231
700032108,0,0,0,0,0,0,1,20260825,20261231
700032145,0,0,0,0,0,0,1,20260825,20261231
700032215,0,0,0,0,0,0,1,20260825,20261231
700032245,0,0,0,0,0,0,1,20260825,20261231
701010807,1,1,1,1,1,0,0,20260825,20261231
701010846,1,1,1,1,1,0,0,20260825,20261231
701010921,1,1,1,1,1,0,0,20260825,20261231
701011006,1,1,1,1,1,0,0,20260825,20261231
701011041,1,1,1,1,1,0,0,20260825,20261231
701011126,1,1,1,1,1,0,0,20260825,20261231
701011201,1,1,1,1,1,0,0,20260825,20261231
701011246,1,1,1,1,1,0,0,20260825,20261231
701011321,1,1,1,1,1,0,0,20260825,20261231
701011406,1,1,1,1,1,0,0,20260825,20261231
701011441,1,1,1,1,1,0,0,20260825,20261231
701011526,1,1,1,1,1,0,0,20260825,20261231
701011601,1,1,1,1,1,0,0,20260825,20261231
701011646,1,1,1,1,1,0,0,20260825,20261231
701011721,1,1,1,1,1,0,0,20260825,20261231
701011806,1,1,1,1,1,0,0,20260825,20261231
701011841,1,1,1,1,1,0,0,20260825,20261231
701011926,1,1,1,1,1,0,0,20260825,20261231
701012001,1,1,1,1,1,0,0,20260825,20261231
701012046,1,1,1,1,1,0,0,20260825,20261231
701012121,1,1,1,1,1,0,0,20260825,20261231
701012205,1,1,1,1,1,0,0,20260825,20261231
701012240,1,1,1,1,1,0,0,20260825,20261231
701012315,1,1,1,1,1,0,0,20260825,20261231
701020750,0,0,0,0,0,1,0,20260825,20261231
701020818,0,0,0,0,0,1,0,20260825,20261231
701020849,0,0,0,0,0,1,0,20260825,20261231
701020926,0,0,0,0,0,1,0,20260825,20261231
701020959,0,0,0,0,0,1,0,20260825,20261231
701021042,0,0,0,0,0,1,0,20260825,20261231
701021115,0,0,0,0,0,1,0,20260825,20261231
701021158,0,0,0,0,0,1,0,20260825,20261231
701021231,0,0,0,0,0,1,0,20260825,20261231
701021314,0,0,0,0,0,1,0,20260825,20261231
701021347,0,0,0,0,0,1,0,20260825,20261231
701021430,0,0,0,0,0,1,0,20260825,20261231
701021503,0,0,0,0,0,1,0,20260825,20261231
701021546,0,0,0,0,0,1,0,20260825,20261231
701021619,0,0,0,0,0,1,0,20260825,20261231
701021702,0,0,0,0,0,1,0,20260825,20261231
701021735,0,0,0,0,0,1,0,20260825,20261231
701021818,0,0,0,0,0,1,0,20260825,20261231
701021851,0,0,0,0,0,1,0,20260825,20261231
701021934,0,0,0,0,0,1,0,20260825,20261231
701022007,0,0,0,0,0,1,0,20260825,20261231
701022050,0,0,0,0,0,1,0,20260825,20261231
701022123,0,0,0,0,0,1,0,20260825,20261231
701022200,0,0,0,0,0,1,0,20260825,20261231
701022225,0,0,0,0,0,1,0,20260825,20261231
701022300,0,0,0,0,0,1,0,20260825,20261231
701031604,0,0,0,0,0,0,1,20260825,20261231
701031638,0,0,0,0,0,0,1,20260825,20261231
701031717,0,0,0,0,0,0,1,20260825,20261231
701031750,0,0,0,0,0,0,1,20260825,20261231
701031829,0,0,0,0,0,0,1,20260825,20261231
701031902,0,0,0,0,0,0,1,20260825,20261231
701031941,0,0,0,0,0,0,1,20260825,20261231
701032014,0,0,0,0,0,0,1,20260825,20261231
701032053,0,0,0,0,0,0,1,20260825,20261231
701032126,0,0,0,0,0,0,1,20260825,20261231
701032200,0,0,0,0,0,0,1,20260825,20261231
701032230,0,0,0,0,0,0,1,20260825,20261231
701032300,0,0,0,0,0,0,1,20260825,20261231
702010707,1,1,1,1,1,0,0,20260825,20261231
702010745,1,1,1,1,1,0,0,20260825,20261231
702010820,1,1,1,1,1,0,0,20260825,20261231
702010902,1,1,1,1,1,0,0,20260825,20261231
702010937,1,1,1,1,1,0,0,20260825,20261231
702011022,1,1,1,1,1,0,0,20260825,20261231
702011057,1,1,1,1,1,0,0,20260825,20261231
702011142,1,1,1,1,1,0,0,20260825,20261231
702011217,1,1,1,1,1,0,0,20260825,20261231
702011302,1,1,1,1,1,0,0,20260825,20261231
702011337,1,1,1,1,1,0,0,20260825,20261231
702011422,1,1,1,1,1,0,0,20260825,20261231
702011457,1,1,1,1,1,0,0,20260825,20261231
702011542,1,1,1,1,1,0,0,20260825,20261231
702011617,1,1,1,1,1,0,0,20260825,20261231
702011702,1,1,1,1,1,0,0,20260825,20261231
702011737,1,1,1,1,1,0,0,20260825,20261231
702011822,1,1,1,1,1,0,0,20260825,20261231
702011857,1,1,1,1,1,0,0,20260825,20261231
702011942,1,1,1,1,1,0,0,20260825,20261231
702012017,1,1,1,1,1,0,0,20260825,20261231
702012102,1,1,1,1,1,0,0,20260825,20261231
702012137,1,1,1,1,1,0,0,20260825,20261231
702012217,1,1,1,1,1,0,0,20260825,20261231
702020705,0,0,0,0,0,1,0,20260825,20261231
702020735,0,0,0,0,0,1,0,20260825,20261231
702020805,0,0,0,0,0,1,0,20260825,20261231
702020836,0,0,0,0,0,1,0,20260825,20261231
702020906,0,0,0,0,0,1,0,20260825,20261231
702020945,0,0,0,0,0,1,0,20260825,20261231
702021018,0,0,0,0,0,1,0,20260825,20261231
702021101,0,0,0,0,0,1,0,20260825,20261231
702021134,0,0,0,0,0,1,0,20260825,20261231
702021217,0,0,0,0,0,1,0,20260825,20261231
702021250,0,0,0,0,0,1,0,20260825,20261231
702021333,0,0,0,0,0,1,0,20260825,20261231
702021406,0,0,0,0,0,1,0,20260825,20261231
702021449,0,0,0,0,0,1,0,20260825,20261231
702021522,0,0,0,0,0,1,0,20260825,20261231
702021605,0,0,0,0,0,1,0,20260825,20261231
702021638,0,0,0,0,0,1,0,20260825,20261231
702021721,0,0,0,0,0,1,0,20260825,20261231
702021754,0,0,0,0,0,1,0,20260825,20261231
702021837,0,0,0,0,0,1,0,20260825,20261231
702021910,0,0,0,0,0,1,0,20260825,20261231
702021953,0,0,0,0,0,1,0,20260825,20261231
702022026,0,0,0,0,0,1,0,20260825,20261231
702022109,0,0,0,0,0,1,0,20260825,20261231
702022142,0,0,0,0,0,1,0,20260825,20261231
702022215,0,0,0,0,0,1,0,20260825,20261231
702030750,0,0,0,0,0,0,1,20260825,20261231
702030814,0,0,0,0,0,0,1,20260825,20261231
702030843,0,0,0,0,0,0,1,20260825,20261231
702030921,0,0,0,0,0,0,1,20260825,20261231
702030954,0,0,0,0,0,0,1,20260825,20261231
702031030,0,0,0,0,0,0,1,20260825,20261231
702031103,0,0,0,0,0,0,1,20260825,20261231
702031139,0,0,0,0,0,0,1,20260825,20261231
702031212,0,0,0,0,0,0,1,20260825,20261231
702031248,0,0,0,0,0,0,1,20260825,20261231
702031321,0,0,0,0,0,0,1,20260825,20261231
702031357,0,0,0,0,0,0,1,20260825,20261231
702031430,0,0,0,0,0,0,1,20260825,20261231
702031506,0,0,0,0,0,0,1,20260825,20261231
702031540,0,0,0,0,0,0,1,20260825,20261231
702031622,0,0,0,0,0,0,1,20260825,20261231
702031656,0,0,0,0,0,0,1,20260825,20261231
702031735,0,0,0,0,0,0,1,20260825,20261231
702031808,0,0,0,0,0,0,1,20260825,20261231
702031847,0,0,0,0,0,0,1,20260825,20261231
702031920,0,0,0,0,0,0,1,20260825,20261231
702031959,0,0,0,0,0,0,1,20260825,20261231
702032032,0,0,0,0,0,0,1,20260825,20261231
702032111,0,0,0,0,0,0,1,20260825,20261231
702032144,0,0,0,0,0,0,1,20260825,20261231
702032220,0,0,0,0,0,0,1,20260825,20261231
702032245,0,0,0,0,0,0,1,20260825,20261231
702032315,0,0,0,0,0,0,1,20260825,20261231
703010725,1,1,1,1,1,0,0,20260825,20261231
703010800,1,1,1,1,1,0,0,20260825,20261231
703010835,1,1,1,1,1,0,0,20260825,20261231
703010918,1,1,1,1,1,0,0,20260825,20261231
703010953,1,1,1,1,1,0,0,20260825,20261231
703011038,1,1,1,1,1,0,0,20260825,20261231
703011113,1,1,1,1,1,0,0,20260825,20261231
703011158,1,1,1,1,1,0,0,20260825,20261231
703011233,1,1,1,1,1,0,0,20260825,20261231
703011318,1,1,1,1,1,0,0,20260825,20261231
703011353,1,1,1,1,1,0,0,20260825,20261231
703011438,1,1,1,1,1,0,0,20260825,20261231
703011513,1,1,1,1,1,0,0,20260825,20261231
703011558,1,1,1,1,1,0,0,20260825,20261231
703011633,1,1,1,1,1,0,0,20260825,20261231
703011718,1,1,1,1,1,0,0,20260825,20261231
703011753,1,1,1,1,1,0,0,20260825,20261231
703011838,1,1,1,1,1,0,0,20260825,20261231
703011913,1,1,1,1,1,0,0,20260825,20261231
703011958,1,1,1,1,1,0,0,20260825,20261231
703012033,1,1,1,1,1,0,0,20260825,20261231
703012118,1,1,1,1,1,0,0,20260825,20261231
703012153,1,1,1,1,1,0,0,20260825,20261231
703012235,1,1,1,1,1,0,0,20260825,20261231
703020820,0,0,0,0,0,1,0,20260825,20261231
703020851,0,0,0,0,0,1,0,20260825,20261231
703020923,0,0,0,0,0,1,0,20260825,20261231
703021004,0,0,0,0,0,1,0,20260825,20261231
703021037,0,0,0,0,0,1,0,20260825,20261231
703021120,0,0,0,0,0,1,0,20260825,20261231
703021153,0,0,0,0,0,1,0,20260825,20261231
703021236,0,0,0,0,0,1,0,20260825,20261231
703021309,0,0,0,0,0,1,0,20260825,20261231
703021352,0,0,0,0,0,1,0,20260825,20261231
703021425,0,0,0,0,0,1,0,20260825,20261231
703021508,0,0,0,0,0,1,0,20260825,20261231
703021541,0,0,0,0,0,1,0,20260825,20261231
703021624,0,0,0,0,0,1,0,20260825,20261231
703021657,0,0,0,0,0,1,0,20260825,20261231
703021740,0,0,0,0,0,1,0,20260825,20261231
703021813,0,0,0,0,0,1,0,20260825,20261231
703021856,0,0,0,0,0,1,0,20260825,20261231
703021929,0,0,0,0,0,1,0,20260825,20261231
703022012,0,0,0,0,0,1,0,20260825,20261231
703022045,0,0,0,0,0,1,0,20260825,20261231
703022128,0,0,0,0,0,1,0,20260825,20261231
703022200,0,0,0,0,0,1,0,20260825,20261231
703022230,0,0,0,0,0,1,0,20260825,20261231
703022255,0,0,0,0,0,1,0,20260825,20261231
703022330,0,0,0,0,0,1,0,20260825,20261231
703030740,0,0,0,0,0,0,1,20260825,20261231
703030805,0,0,0,0,0,0,1,20260825,20261231
703030835,0,0,0,0,0,0,1,20260825,20261231
703030906,0,0,0,0,0,0,1,20260825,20261231
703030944,0,0,0,0,0,0,1,20260825,20261231
703031017,0,0,0,0,0,0,1,20260825,20261231
703031053,0,0,0,0,0,0,1,20260825,20261231
703031126,0,0,0,0,0,0,1,20260825,20261231
703031202,0,0,0,0,0,0,1,20260825,20261231
703031235,0,0,0,0,0,0,1,20260825,20261231
703031311,0,0,0,0,0,0,1,20260825,20261231
703031344,0,0,0,0,0,0,1,20260825,20261231
703031420,0,0,0,0,0,0,1,20260825,20261231
703031453,0,0,0,0,0,0,1,20260825,20261231
703031529,0,0,0,0,0,0,1,20260825,20261231
703031602,0,0,0,0,0,0,1,20260825,20261231
703031641,0,0,0,0,0,0,1,20260825,20261231
703031714,0,0,0,0,0,0,1,20260825,20261231
703031753,0,0,0,0,0,0,1,20260825,20261231
703031826,0,0,0,0,0,0,1,20260825,20261231
703031905,0,0,0,0,0,0,1,20260825,20261231
703031938,0,0,0,0,0,0,1,20260825,20261231
703032017,0,0,0,0,0,0,1,20260825,20261231
703032050,0,0,0,0,0,0,1,20260825,20261231
703032129,0,0,0,0,0,0,1,20260825,20261231
703032200,0,0,0,0,0,0,1,20260825,20261231
703032235,0,0,0,0,0,0,1,20260825,20261231
704010740,1,1,1,1,1,0,0,20260825,20261231
704010815,1,1,1,1,1,0,0,20260825,20261231
704010850,1,1,1,1,1,0,0,20260825,20261231
704010934,1,1,1,1,1,0,0,20260825,20261231
704011009,1,1,1,1,1,0,0,20260825,20261231
704011054,1,1,1,1,1,0,0,20260825,20261231
704011129,1,1,1,1,1,0,0,20260825,20261231
704011214,1,1,1,1,1,0,0,20260825,20261231
704011249,1,1,1,1,1,0,0,20260825,20261231
704011334,1,1,1,1,1,0,0,20260825,20261231
704011409,1,1,1,1,1,0,0,20260825,20261231
704011454,1,1,1,1,1,0,0,20260825,20261231
704011529,1,1,1,1,1,0,0,20260825,20261231
704011614,1,1,1,1,1,0,0,20260825,20261231
704011649,1,1,1,1,1,0,0,20260825,20261231
704011734,1,1,1,1,1,0,0,20260825,20261231
704011809,1,1,1,1,1,0,0,20260825,20261231
704011854,1,1,1,1,1,0,0,20260825,20261231
704011929,1,1,1,1,1,0,0,20260825,20261231
704012014,1,1,1,1,1,0,0,20260825,20261231
704012049,1,1,1,1,1,0,0,20260825,20261231
704012134,1,1,1,1,1,0,0,20260825,20261231
704012209,1,1,1,1,1,0,0,20260825,20261231
704012250,1,1,1,1,1,0,0,20260825,20261231
800010650,1,1,1,1,1,0,0,20260825,20261231
800010710,1,1,1,1,1,0,0,20260825,20261231
800010730,1,1,1,1,1,0,0,20260825,20261231
800010750,1,1,1,1,1,0,0,20260825,20261231
800010815,1,1,1,1,1,0,0,20260825,20261231
800010845,1,1,1,1,1,0,0,20260825,20261231
800010915,1,1,1,1,1,0,0,20260825,20261231
800010945,1,1,1,1,1,0,0,20260825,20261231
800011015,1,1,1,1,1,0,0,20260825,20261231
800011045,1,1,1,1,1,0,0,20260825,20261231
800011115,1,1,1,1,1,0,0,20260825,20261231
800011145,1,1,1,1,1,0,0,20260825,20261231
800011215,1,1,1,1,1,0,0,20260825,20261231
800011245,1,1,1,1,1,0,0,20260825,20261231
800011315,1,1,1,1,1,0,0,20260825,20261231
800011345,1,1,1,1,1,0,0,20260825,20261231
800011415,1,1,1,1,1,0,0,20260825,20261231
800011445,1,1,1,1,1,0,0,20260825,20261231
800011515,1,1,1,1,1,0,0,20260825,20261231
800011545,1,1,1,1,1,0,0,20260825,20261231
800011615,1,1,1,1,1,0,0,20260825,20261231
800011645,1,1,1,1,1,0,0,20260825,20261231
800011715,1,1,1,1,1,0,0,20260825,20261231
800011745,1,1,1,1,1,0,0,20260825,20261231
800011815,1,1,1,1,1,0,0,20260825,20261231
800011845,1,1,1,1,1,0,0,20260825,20261231
800011915,1,1,1,1,1,0,0,20260825,20261231
800011945,1,1,1,1,1,0,0,20260825,20261231
800012013,1,1,1,1,1,0,0,20260825,20261231
800012040,1,1,1,1,1,0,0,20260825,20261231
800012105,1,1,1,1,1,0,0,20260825,20261231
800012130,1,1,1,1,1,0,0,20260825,20261231
800012152,1,1,1,1,1,0,0,20260825,20261231
800020650,0,0,0,0,0,1,0,20260825,20261231
800020710,0,0,0,0,0,1,0,20260825,20261231
800020730,0,0,0,0,0,1,0,20260825,20261231
800020750,0,0,0,0,0,1,0,20260825,20261231
800020813,0,0,0,0,0,1,0,20260825,20261231
800020839,0,0,0,0,0,1,0,20260825,20261231
800020905,0,0,0,0,0,1,0,20260825,20261231
800020931,0,0,0,0,0,1,0,20260825,20261231
800020957,0,0,0,0,0,1,0,20260825,20261231
800021023,0,0,0,0,0,1,0,20260825,20261231
800021049,0,0,0,0,0,1,0,20260825,20261231
800021115,0,0,0,0,0,1,0,20260825,20261231
800021141,0,0,0,0,0,1,0,20260825,20261231
800021207,0,0,0,0,0,1,0,20260825,20261231
800021233,0,0,0,0,0,1,0,20260825,20261231
800021259,0,0,0,0,0,1,0,20260825,20261231
800021325,0,0,0,0,0,1,0,20260825,20261231
800021351,0,0,0,0,0,1,0,20260825,20261231
800021417,0,0,0,0,0,1,0,20260825,20261231
800021443,0,0,0,0,0,1,0,20260825,20261231
800021509,0,0,0,0,0,1,0,20260825,20261231
800021535,0,0,0,0,0,1,0,20260825,20261231
800021601,0,0,0,0,0,1,0,20260825,20261231
800021627,0,0,0,0,0,1,0,20260825,20261231
800021653,0,0,0,0,0,1,0,20260825,20261231
800021719,0,0,0,0,0,1,0,20260825,20261231
800021745,0,0,0,0,0,1,0,20260825,20261231
800021811,0,0,0,0,0,1,0,20260825,20261231
800021837,0,0,0,0,0,1,0,20260825,20261231
800021903,0,0,0,0,0,1,0,20260825,20261231
800021928,0,0,0,0,0,1,0,20260825,20261231
800021953,0,0,0,0,0,1,0,20260825,20261231
800022017,0,0,0,0,0,1,0,20260825,20261231
800022041,0,0,0,0,0,1,0,20260825,20261231
800022105,0,0,0,0,0,1,0,20260825,20261231
800022129,0,0,0,0,0,1,0,20260825,20261231
800022152,0,0,0,0,0,1,0,20260825,20261231
800030745,0,0,0,0,0,0,1,20260825,20261231
800030800,0,0,0,0,0,0,1,20260825,20261231
800030815,0,0,0,0,0,0,1,20260825,20261231
800030830,0,0,0,0,0,0,1,20260825,20261231
800030855,0,0,0,0,0,0,1,20260825,20261231
800030920,0,0,0,0,0,0,1,20260825,20261231
800030945,0,0,0,0,0,0,1,20260825,20261231
800031010,0,0,0,0,0,0,1,20260825,20261231
800031035,0,0,0,0,0,0,1,20260825,20261231
800031100,0,0,0,0,0,0,1,20260825,20261231
800031125,0,0,0,0,0,0,1,20260825,20261231
800031150,0,0,0,0,0,0,1,20260825,20261231
800031215,0,0,0,0,0,0,1,20260825,20261231
800031240,0,0,0,0,0,0,1,20260825,20261231
800031305,0,0,0,0,0,0,1,20260825,20261231
800031330,0,0,0,0,0,0,1,20260825,20261231
800031355,0,0,0,0,0,0,1,20260825,20261231
800031420,0,0,0,0,0,0,1,20260825,20261231
800031445,0,0,0,0,0,0,1,20260825,20261231
800031510,0,0,0,0,0,0,1,20260825,20261231
800031535,0,0,0,0,0,0,1,20260825,20261231
800031555,0,0,0,0,0,0,1,20260825,20261231
800031620,0,0,0,0,0,0,1,20260825,20261231
800031647,0,0,0,0,0,0,1,20260825,20261231
800031714,0,0,0,0,0,0,1,20260825,20261231
800031741,0,0,0,0,0,0,1,20260825,20261231
800031808,0,0,0,0,0,0,1,20260825,20261231
800031835,0,0,0,0,0,0,1,20260825,20261231
800031902,0,0,0,0,0,0,1,20260825,20261231
800031929,0,0,0,0,0,0,1,20260825,20261231
800031956,0,0,0,0,0,0,1,20260825,20261231
800032023,0,0,0,0,0,0,1,20260825,20261231
800032050,0,0,0,0,0,0,1,20260825,20261231
800032117,0,0,0,0,0,0,1,20260825,20261231
800032145,0,0,0,0,0,0,1,20260825,20261231
800032214,0,0,0,0,0,0,1,20260825,20261231
800032242,0,0,0,0,0,0,1,20260825,20261231
801010630,1,1,1,1,1,0,0,20260825,20261231
801010650,1,1,1,1,1,0,0,20260825,20261231
801010710,1,1,1,1,1,0,0,20260825,20261231
801010730,1,1,1,1,1,0,0,20260825,20261231
801010750,1,1,1,1,1,0,0,20260825,20261231
801010815,1,1,1,1,1,0,0,20260825,20261231
801010845,1,1,1,1,1,0,0,20260825,20261231
801010915,1,1,1,1,1,0,0,20260825,20261231
801010945,1,1,1,1,1,0,0,20260825,20261231
801011015,1,1,1,1,1,0,0,20260825,20261231
801011045,1,1,1,1,1,0,0,20260825,20261231
801011115,1,1,1,1,1,0,0,20260825,20261231
801011145,1,1,1,1,1,0,0,20260825,20261231
801011215,1,1,1,1,1,0,0,20260825,20261231
801011245,1,1,1,1,1,0,0,20260825,20261231
801011315,1,1,1,1,1,0,0,20260825,20261231
801011345,1,1,1,1,1,0,0,20260825,20261231
801011415,1,1,1,1,1,0,0,20260825,20261231
801011445,1,1,1,1,1,0,0,20260825,20261231
801011515,1,1,1,1,1,0,0,20260825,20261231
801011545,1,1,1,1,1,0,0,20260825,20261231
801011615,1,1,1,1,1,0,0,20260825,20261231
801011645,1,1,1,1,1,0,0,20260825,20261231
801011715,1,1,1,1,1,0,0,20260825,20261231
801011745,1,1,1,1,1,0,0,20260825,20261231
801011815,1,1,1,1,1,0,0,20260825,20261231
801011845,1,1,1,1,1,0,0,20260825,20261231
801011915,1,1,1,1,1,0,0,20260825,20261231
801011945,1,1,1,1,1,0,0,20260825,20261231
801012014,1,1,1,1,1,0,0,20260825,20261231
801012040,1,1,1,1,1,0,0,20260825,20261231
801012105,1,1,1,1,1,0,0,20260825,20261231
801012129,1,1,1,1,1,0,0,20260825,20261231
801012150,1,1,1,1,1,0,0,20260825,20261231
801020630,0,0,0,0,0,1,0,20260825,20261231
801020650,0,0,0,0,0,1,0,20260825,20261231
801020710,0,0,0,0,0,1,0,20260825,20261231
801020730,0,0,0,0,0,1,0,20260825,20261231
801020750,0,0,0,0,0,1,0,20260825,20261231
801020813,0,0,0,0,0,1,0,20260825,20261231
801020839,0,0,0,0,0,1,0,20260825,20261231
801020905,0,0,0,0,0,1,0,20260825,20261231
801020931,0,0,0,0,0,1,0,20260825,20261231
801020957,0,0,0,0,0,1,0,20260825,20261231
801021023,0,0,0,0,0,1,0,20260825,20261231
801021049,0,0,0,0,0,1,0,20260825,20261231
801021115,0,0,0,0,0,1,0,20260825,20261231
801021141,0,0,0,0,0,1,0,20260825,20261231
801021207,0,0,0,0,0,1,0,20260825,20261231
801021233,0,0,0,0,0,1,0,20260825,20261231
801021259,0,0,0,0,0,1,0,20260825,20261231
801021325,0,0,0,0,0,1,0,20260825,20261231
801021351,0,0,0,0,0,1,0,20260825,20261231
801021417,0,0,0,0,0,1,0,20260825,20261231
801021443,0,0,0,0,0,1,0,20260825,20261231
801021509,0,0,0,0,0,1,0,20260825,20261231
801021535,0,0,0,0,0,1,0,20260825,20261231
801021601,0,0,0,0,0,1,0,20260825,20261231
801021627,0,0,0,0,0,1,0,20260825,20261231
801021653,0,0,0,0,0,1,0,20260825,20261231
801021719,0,0,0,0,0,1,0,20260825,20261231
801021745,0,0,0,0,0,1,0,20260825,20261231
801021811,0,0,0,0,0,1,0,20260825,20261231
801021837,0,0,0,0,0,1,0,20260825,20261231
801021903,0,0,0,0,0,1,0,20260825,20261231
801021929,0,0,0,0,0,1,0,20260825,20261231
801021953,0,0,0,0,0,1,0,20260825,20261231
801022017,0,0,0,0,0,1,0,20260825,20261231
801022041,0,0,0,0,0,1,0,20260825,20261231
801022105,0,0,0,0,0,1,0,20260825,20261231
801022129,0,0,0,0,0,1,0,20260825,20261231
801022150,0,0,0,0,0,1,0,20260825,20261231
801031610,0,0,0,0,0,0,1,20260825,20261231
801031638,0,0,0,0,0,0,1,20260825,20261231
801031705,0,0,0,0,0,0,1,20260825,20261231
801031732,0,0,0,0,0,0,1,20260825,20261231
801031759,0,0,0,0,0,0,1,20260825,20261231
801031826,0,0,0,0,0,0,1,20260825,20261231
801031853,0,0,0,0,0,0,1,20260825,20261231
801031920,0,0,0,0,0,0,1,20260825,20261231
801031947,0,0,0,0,0,0,1,20260825,20261231
801032014,0,0,0,0,0,0,1,20260825,20261231
801032041,0,0,0,0,0,0,1,20260825,20261231
801032108,0,0,0,0,0,0,1,20260825,20261231
801032136,0,0,0,0,0,0,1,20260825,20261231
801032204,0,0,0,0,0,0,1,20260825,20261231
801032233,0,0,0,0,0,0,1,20260825,20261231
801032300,0,0,0,0,0,0,1,20260825,20261231
1100010715,1,1,1,1,1,0,0,20260825,20261231
1100010746,1,1,1,1,1,0,0,20260825,20261231
1100010830,1,1,1,1,1,0,0,20260825,20261231
1100010915,1,1,1,1,1,0,0,20260825,20261231
1100010955,1,1,1,1,1,0,0,20260825,20261231
1100011045,1,1,1,1,1,0,0,20260825,20261231
1100011120,1,1,1,1,1,0,0,20260825,20261231
1100011210,1,1,1,1,1,0,0,20260825,20261231
1100011245,1,1,1,1,1,0,0,20260825,20261231
1100011335,1,1,1,1,1,0,0,20260825,20261231
1100011410,1,1,1,1,1,0,0,20260825,20261231
1100011500,1,1,1,1,1,0,0,20260825,20261231
1100011535,1,1,1,1,1,0,0,20260825,20261231
1100011625,1,1,1,1,1,0,0,20260825,20261231
1100011700,1,1,1,1,1,0,0,20260825,20261231
1100011750,1,1,1,1,1,0,0,20260825,20261231
1100011825,1,1,1,1,1,0,0,20260825,20261231
1100011915,1,1,1,1,1,0,0,20260825,20261231
1100011950,1,1,1,1,1,0,0,20260825,20261231
1100012040,1,1,1,1,1,0,0,20260825,20261231
1100012115,1,1,1,1,1,0,0,20260825,20261231
1100012210,1,1,1,1,1,0,0,20260825,20261231
1100020715,0,0,0,0,0,1,0,20260825,20261231
1100020746,0,0,0,0,0,1,0,20260825,20261231
1100020830,0,0,0,0,0,1,0,20260825,20261231
1100020915,0,0,0,0,0,1,0,20260825,20261231
1100020955,0,0,0,0,0,1,0,20260825,20261231
1100021045,0,0,0,0,0,1,0,20260825,20261231
1100021120,0,0,0,0,0,1,0,20260825,20261231
1100021210,0,0,0,0,0,1,0,20260825,20261231
1100021245,0,0,0,0,0,1,0,20260825,20261231
1100021335,0,0,0,0,0,1,0,20260825,20261231
1100021410,0,0,0,0,0,1,0,20260825,20261231
1100021500,0,0,0,0,0,1,0,20260825,20261231
1100021535,0,0,0,0,0,1,0,20260825,20261231
1100021625,0,0,0,0,0,1,0,20260825,20261231
1100021700,0,0,0,0,0,1,0,20260825,20261231
1100021750,0,0,0,0,0,1,0,20260825,20261231
1100021825,0,0,0,0,0,1,0,20260825,20261231
1100021915,0,0,0,0,0,1,0,20260825,20261231
1100021950,0,0,0,0,0,1,0,20260825,20261231
1100022040,0,0,0,0,0,1,0,20260825,20261231
1100022115,0,0,0,0,0,1,0,20260825,20261231
1100022210,0,0,0,0,0,1,0,20260825,20261231
1100030750,0,0,0,0,0,0,1,20260825,20261231
1100030815,0,0,0,0,0,0,1,20260825,20261231
1100030840,0,0,0,0,0,0,1,20260825,20261231
1100030915,0,0,0,0,0,0,1,20260825,20261231
1100030940,0,0,0,0,0,0,1,20260825,20261231
1100031015,0,0,0,0,0,0,1,20260825,20261231
1100031040,0,0,0,0,0,0,1,20260825,20261231
1100031119,0,0,0,0,0,0,1,20260825,20261231
1100031148,0,0,0,0,0,0,1,20260825,20261231
1100031227,0,0,0,0,0,0,1,20260825,20261231
1100031256,0,0,0,0,0,0,1,20260825,20261231
1100031335,0,0,0,0,0,0,1,20260825,20261231
1100031404,0,0,0,0,0,0,1,20260825,20261231
1100031443,0,0,0,0,0,0,1,20260825,20261231
1100031512,0,0,0,0,0,0,1,20260825,20261231
1100031551,0,0,0,0,0,0,1,20260825,20261231
1100031620,0,0,0,0,0,0,1,20260825,20261231
1100031659,0,0,0,0,0,0,1,20260825,20261231
1100031728,0,0,0,0,0,0,1,20260825,20261231
1100031807,0,0,0,0,0,0,1,20260825,20261231
1100031836,0,0,0,0,0,0,1,20260825,20261231
1100031915,0,0,0,0,0,0,1,20260825,20261231
1100031944,0,0,0,0,0,0,1,20260825,20261231
1100032023,0,0,0,0,0,0,1,20260825,20261231
1100032052,0,0,0,0,0,0,1,20260825,20261231
1100032131,0,0,0,0,0,0,1,20260825,20261231
1100032200,0,0,0,0,0,0,1,20260825,20261231
1100032240,0,0,0,0,0,0,1,20260825,20261231
1101010705,1,1,1,1,1,0,0,20260825,20261231
1101010730,1,1,1,1,1,0,0,20260825,20261231
1101010803,1,1,1,1,1,0,0,20260825,20261231
1101010847,1,1,1,1,1,0,0,20260825,20261231
1101010934,1,1,1,1,1,0,0,20260825,20261231
1101011012,1,1,1,1,1,0,0,20260825,20261231
1101011102,1,1,1,1,1,0,0,20260825,20261231
1101011137,1,1,1,1,1,0,0,20260825,20261231
1101011227,1,1,1,1,1,0,0,20260825,20261231
1101011302,1,1,1,1,1,0,0,20260825,20261231
1101011352,1,1,1,1,1,0,0,20260825,20261231
1101011427,1,1,1,1,1,0,0,20260825,20261231
1101011517,1,1,1,1,1,0,0,20260825,20261231
1101011552,1,1,1,1,1,0,0,20260825,20261231
1101011642,1,1,1,1,1,0,0,20260825,20261231
1101011717,1,1,1,1,1,0,0,20260825,20261231
1101011807,1,1,1,1,1,0,0,20260825,20261231
1101011842,1,1,1,1,1,0,0,20260825,20261231
1101011932,1,1,1,1,1,0,0,20260825,20261231
1101012007,1,1,1,1,1,0,0,20260825,20261231
1101012057,1,1,1,1,1,0,0,20260825,20261231
1101012132,1,1,1,1,1,0,0,20260825,20261231
1101020705,0,0,0,0,0,1,0,20260825,20261231
1101020730,0,0,0,0,0,1,0,20260825,20261231
1101020803,0,0,0,0,0,1,0,20260825,20261231
1101020847,0,0,0,0,0,1,0,20260825,20261231
1101020934,0,0,0,0,0,1,0,20260825,20261231
1101021012,0,0,0,0,0,1,0,20260825,20261231
1101021102,0,0,0,0,0,1,0,20260825,20261231
1101021137,0,0,0,0,0,1,0,20260825,20261231
1101021227,0,0,0,0,0,1,0,20260825,20261231
1101021302,0,0,0,0,0,1,0,20260825,20261231
1101021352,0,0,0,0,0,1,0,20260825,20261231
1101021427,0,0,0,0,0,1,0,20260825,20261231
1101021517,0,0,0,0,0,1,0,20260825,20261231
1101021552,0,0,0,0,0,1,0,20260825,20261231
1101021642,0,0,0,0,0,1,0,20260825,20261231
1101021717,0,0,0,0,0,1,0,20260825,20261231
1101021807,0,0,0,0,0,1,0,20260825,20261231
1101021842,0,0,0,0,0,1,0,20260825,20261231
1101021932,0,0,0,0,0,1,0,20260825,20261231
1101022007,0,0,0,0,0,1,0,20260825,20261231
1101022057,0,0,0,0,0,1,0,20260825,20261231
1101022132,0,0,0,0,0,1,0,20260825,20261231
1101031102,0,0,0,0,0,0,1,20260825,20261231
1101031136,0,0,0,0,0,0,1,20260825,20261231
1101031205,0,0,0,0,0,0,1,20260825,20261231
1101031244,0,0,0,0,0,0,1,20260825,20261231
1101031313,0,0,0,0,0,0,1,20260825,20261231
1101031352,0,0,0,0,0,0,1,20260825,20261231
1101031421,0,0,0,0,0,0,1,20260825,20261231
1101031750,0,0,0,0,0,0,1,20260825,20261231
1101031824,0,0,0,0,0,0,1,20260825,20261231
1101031853,0,0,0,0,0,0,1,20260825,20261231
1101031932,0,0,0,0,0,0,1,20260825,20261231
1101032001,0,0,0,0,0,0,1,20260825,20261231
1101032040,0,0,0,0,0,0,1,20260825,20261231
1102010745,1,1,1,1,1,0,0,20260825,20261231
1102010820,1,1,1,1,1,0,0,20260825,20261231
1102010904,1,1,1,1,1,0,0,20260825,20261231
1102010952,1,1,1,1,1,0,0,20260825,20261231
1102011029,1,1,1,1,1,0,0,20260825,20261231
1102011119,1,1,1,1,1,0,0,20260825,20261231
1102011154,1,1,1,1,1,0,0,20260825,20261231
1102011244,1,1,1,1,1,0,0,20260825,20261231
1102011319,1,1,1,1,1,0,0,20260825,20261231
1102011409,1,1,1,1,1,0,0,20260825,20261231
1102011444,1,1,1,1,1,0,0,20260825,20261231
1102011534,1,1,1,1,1,0,0,20260825,20261231
1102011609,1,1,1,1,1,0,0,20260825,20261231
1102011659,1,1,1,1,1,0,0,20260825,20261231
1102011734,1,1,1,1,1,0,0,20260825,20261231
1102011824,1,1,1,1,1,0,0,20260825,20261231
1102011859,1,1,1,1,1,0,0,20260825,20261231
1102011949,1,1,1,1,1,0,0,20260825,20261231
1102012024,1,1,1,1,1,0,0,20260825,20261231
1102012114,1,1,1,1,1,0,0,20260825,20261231
1102012150,1,1,1,1,1,0,0,20260825,20261231
1102012240,1,1,1,1,1,0,0,20260825,20261231
1102020745,0,0,0,0,0,1,0,20260825,20261231
1102020820,0,0,0,0,0,1,0,20260825,20261231
1102020904,0,0,0,0,0,1,0,20260825,20261231
1102020952,0,0,0,0,0,1,0,20260825,20261231
1102021029,0,0,0,0,0,1,0,20260825,20261231
1102021119,0,0,0,0,0,1,0,20260825,20261231
1102021154,0,0,0,0,0,1,0,20260825,20261231
1102021244,0,0,0,0,0,1,0,20260825,20261231
1102021319,0,0,0,0,0,1,0,20260825,20261231
1102021409,0,0,0,0,0,1,0,20260825,20261231
1102021444,0,0,0,0,0,1,0,20260825,20261231
1102021534,0,0,0,0,0,1,0,20260825,20261231
1102021609,0,0,0,0,0,1,0,20260825,20261231
1102021659,0,0,0,0,0,1,0,20260825,20261231
1102021734,0,0,0,0,0,1,0,20260825,20261231
1102021824,0,0,0,0,0,1,0,20260825,20261231
1102021859,0,0,0,0,0,1,0,20260825,20261231
1102021949,0,0,0,0,0,1,0,20260825,20261231
1102022024,0,0,0,0,0,1,0,20260825,20261231
1102022114,0,0,0,0,0,1,0,20260825,20261231
1102022150,0,0,0,0,0,1,0,20260825,20261231
1102022240,0,0,0,0,0,1,0,20260825,20261231
1102030750,0,0,0,0,0,0,1,20260825,20261231
1102030815,0,0,0,0,0,0,1,20260825,20261231
1102030845,0,0,0,0,0,0,1,20260825,20261231
1102030910,0,0,0,0,0,0,1,20260825,20261231
1102030945,0,0,0,0,0,0,1,20260825,20261231
1102031010,0,0,0,0,0,0,1,20260825,20261231
1102031047,0,0,0,0,0,0,1,20260825,20261231
1102031114,0,0,0,0,0,0,1,20260825,20261231
1102031153,0,0,0,0,0,0,1,20260825,20261231
1102031222,0,0,0,0,0,0,1,20260825,20261231
1102031301,0,0,0,0,0,0,1,20260825,20261231
1102031330,0,0,0,0,0,0,1,20260825,20261231
1102031409,0,0,0,0,0,0,1,20260825,20261231
1102031438,0,0,0,0,0,0,1,20260825,20261231
1102031517,0,0,0,0,0,0,1,20260825,20261231
1102031546,0,0,0,0,0,0,1,20260825,20261231
1102031625,0,0,0,0,0,0,1,20260825,20261231
1102031654,0,0,0,0,0,0,1,20260825,20261231
1102031733,0,0,0,0,0,0,1,20260825,20261231
1102031802,0,0,0,0,0,0,1,20260825,20261231
1102031841,0,0,0,0,0,0,1,20260825,20261231
1102031910,0,0,0,0,0,0,1,20260825,20261231
1102031949,0,0,0,0,0,0,1,20260825,20261231
1102032018,0,0,0,0,0,0,1,20260825,20261231
1102032057,0,0,0,0,0,0,1,20260825,20261231
1102032126,0,0,0,0,0,0,1,20260825,20261231
1102032205,0,0,0,0,0,0,1,20260825,20261231
1102032235,0,0,0,0,0,0,1,20260825,20261231
1103010725,1,1,1,1,1,0,0,20260825,20261231
1103010800,1,1,1,1,1,0,0,20260825,20261231
1103010838,1,1,1,1,1,0,0,20260825,20261231
1103010921,1,1,1,1,1,0,0,20260825,20261231
1103011010,1,1,1,1,1,0,0,20260825,20261231
1103011046,1,1,1,1,1,0,0,20260825,20261231
1103011136,1,1,1,1,1,0,0,20260825,20261231
1103011211,1,1,1,1,1,0,0,20260825,20261231
1103011301,1,1,1,1,1,0,0,20260825,20261231
1103011336,1,1,1,1,1,0,0,20260825,20261231
1103011426,1,1,1,1,1,0,0,20260825,20261231
1103011501,1,1,1,1,1,0,0,20260825,20261231
1103011551,1,1,1,1,1,0,0,20260825,20261231
1103011626,1,1,1,1,1,0,0,20260825,20261231
1103011716,1,1,1,1,1,0,0,20260825,20261231
1103011751,1,1,1,1,1,0,0,20260825,20261231
1103011841,1,1,1,1,1,0,0,20260825,20261231
1103011916,1,1,1,1,1,0,0,20260825,20261231
1103012006,1,1,1,1,1,0,0,20260825,20261231
1103012041,1,1,1,1,1,0,0,20260825,20261231
1103012131,1,1,1,1,1,0,0,20260825,20261231
1103012205,1,1,1,1,1,0,0,20260825,20261231
1103020725,0,0,0,0,0,1,0,20260825,20261231
1103020800,0,0,0,0,0,1,0,20260825,20261231
1103020838,0,0,0,0,0,1,0,20260825,20261231
1103020921,0,0,0,0,0,1,0,20260825,20261231
1103021010,0,0,0,0,0,1,0,20260825,20261231
1103021046,0,0,0,0,0,1,0,20260825,20261231
1103021136,0,0,0,0,0,1,0,20260825,20261231
1103021211,0,0,0,0,0,1,0,20260825,20261231
1103021301,0,0,0,0,0,1,0,20260825,20261231
1103021336,0,0,0,0,0,1,0,20260825,20261231
1103021426,0,0,0,0,0,1,0,20260825,20261231
1103021501,0,0,0,0,0,1,0,20260825,20261231
1103021551,0,0,0,0,0,1,0,20260825,20261231
1103021626,0,0,0,0,0,1,0,20260825,20261231
1103021716,0,0,0,0,0,1,0,20260825,20261231
1103021751,0,0,0,0,0,1,0,20260825,20261231
1103021841,0,0,0,0,0,1,0,20260825,20261231
1103021916,0,0,0,0,0,1,0,20260825,20261231
1103022006,0,0,0,0,0,1,0,20260825,20261231
1103022041,0,0,0,0,0,1,0,20260825,20261231
1103022131,0,0,0,0,0,1,0,20260825,20261231
1103022205,0,0,0,0,0,1,0,20260825,20261231
1103031136,0,0,0,0,0,0,1,20260825,20261231
1103031210,0,0,0,0,0,0,1,20260825,20261231
1103031239,0,0,0,0,0,0,1,20260825,20261231
1103031318,0,0,0,0,0,0,1,20260825,20261231
1103031347,0,0,0,0,0,0,1,20260825,20261231
1103031426,0,0,0,0,0,0,1,20260825,20261231
1103031750,0,0,0,0,0,0,1,20260825,20261231
1103031819,0,0,0,0,0,0,1,20260825,20261231
1103031858,0,0,0,0,0,0,1,20260825,20261231
1103031927,0,0,0,0,0,0,1,20260825,20261231
1103032006,0,0,0,0,0,0,1,20260825,20261231
1103032035,0,0,0,0,0,0,1,20260825,20261231
1104010815,1,1,1,1,1,0,0,20260825,20261231
1104010856,1,1,1,1,1,0,0,20260825,20261231
1104010938,1,1,1,1,1,0,0,20260825,20261231
1104011028,1,1,1,1,1,0,0,20260825,20261231
1104011103,1,1,1,1,1,0,0,20260825,20261231
1104011153,1,1,1,1,1,0,0,20260825,20261231
1104011228,1,1,1,1,1,0,0,20260825,20261231
1104011318,1,1,1,1,1,0,0,20260825,20261231
1104011353,1,1,1,1,1,0,0,20260825,20261231
1104011443,1,1,1,1,1,0,0,20260825,20261231
1104011518,1,1,1,1,1,0,0,20260825,20261231
1104011608,1,1,1,1,1,0,0,20260825,20261231
1104011643,1,1,1,1,1,0,0,20260825,20261231
1104011733,1,1,1,1,1,0,0,20260825,20261231
1104011808,1,1,1,1,1,0,0,20260825,20261231
1104011858,1,1,1,1,1,0,0,20260825,20261231
1104011933,1,1,1,1,1,0,0,20260825,20261231
1104012023,1,1,1,1,1,0,0,20260825,20261231
1104012058,1,1,1,1,1,0,0,20260825,20261231
1104012148,1,1,1,1,1,0,0,20260825,20261231
1104012220,1,1,1,1,1,0,0,20260825,20261231
1104012310,1,1,1,1,1,0,0,20260825,20261231
1104020815,0,0,0,0,0,1,0,20260825,20261231
1104020856,0,0,0,0,0,1,0,20260825,20261231
1104020938,0,0,0,0,0,1,0,20260825,20261231
1104021028,0,0,0,0,0,1,0,20260825,20261231
1104021103,0,0,0,0,0,1,0,20260825,20261231
1104021153,0,0,0,0,0,1,0,20260825,20261231
1104021228,0,0,0,0,0,1,0,20260825,20261231
1104021318,0,0,0,0,0,1,0,20260825,20261231
1104021353,0,0,0,0,0,1,0,20260825,20261231
1104021443,0,0,0,0,0,1,0,20260825,20261231
1104021518,0,0,0,0,0,1,0,20260825,20261231
1104021608,0,0,0,0,0,1,0,20260825,20261231
1104021643,0,0,0,0,0,1,0,20260825,20261231
1104021733,0,0,0,0,0,1,0,20260825,20261231
1104021808,0,0,0,0,0,1,0,20260825,20261231
1104021858,0,0,0,0,0,1,0,20260825,20261231
1104021933,0,0,0,0,0,1,0,20260825,20261231
1104022023,0,0,0,0,0,1,0,20260825,20261231
1104022058,0,0,0,0,0,1,0,20260825,20261231
1104022148,0,0,0,0,0,1,0,20260825,20261231
1104022220,0,0,0,0,0,1,0,20260825,20261231
1104022310,0,0,0,0,0,1,0,20260825,20261231
1200010650,1,1,1,1,1,0,0,20260825,20261231
1200010720,1,1,1,1,1,0,0,20260825,20261231
1200010757,1,1,1,1,1,0,0,20260825,20261231
1200010838,1,1,1,1,1,0,0,20260825,20261231
1200010918,1,1,1,1,1,0,0,20260825,20261231
1200010959,1,1,1,1,1,0,0,20260825,20261231
1200011039,1,1,1,1,1,0,0,20260825,20261231
1200011120,1,1,1,1,1,0,0,20260825,20261231
1200011200,1,1,1,1,1,0,0,20260825,20261231
1200011241,1,1,1,1,1,0,0,20260825,20261231
1200011321,1,1,1,1,1,0,0,20260825,20261231
1200011402,1,1,1,1,1,0,0,20260825,20261231
1200011442,1,1,1,1,1,0,0,20260825,20261231
1200011523,1,1,1,1,1,0,0,20260825,20261231
1200011603,1,1,1,1,1,0,0,20260825,20261231
1200011644,1,1,1,1,1,0,0,20260825,20261231
1200011724,1,1,1,1,1,0,0,20260825,20261231
1200011805,1,1,1,1,1,0,0,20260825,20261231
1200011845,1,1,1,1,1,0,0,20260825,20261231
1200011926,1,1,1,1,1,0,0,20260825,20261231
1200012006,1,1,1,1,1,0,0,20260825,20261231
1200012047,1,1,1,1,1,0,0,20260825,20261231
1200012127,1,1,1,1,1,0,0,20260825,20261231
1200012205,1,1,1,1,1,0,0,20260825,20261231
1200020720,0,0,0,0,0,1,0,20260825,20261231
1200020745,0,0,0,0,0,1,0,20260825,20261231
1200020815,0,0,0,0,0,1,0,20260825,20261231
1200020845,0,0,0,0,0,1,0,20260825,20261231
1200020915,0,0,0,0,0,1,0,20260825,20261231
1200020950,0,0,0,0,0,1,0,20260825,20261231
1200021025,0,0,0,0,0,1,0,20260825,20261231
1200021100,0,0,0,0,0,1,0,20260825,20261231
1200021135,0,0,0,0,0,1,0,20260825,20261231
1200021210,0,0,0,0,0,1,0,20260825,20261231
1200021245,0,0,0,0,0,1,0,20260825,20261231
1200021320,0,0,0,0,0,1,0,20260825,20261231
1200021355,0,0,0,0,0,1,0,20260825,20261231
1200021430,0,0,0,0,0,1,0,20260825,20261231
1200021505,0,0,0,0,0,1,0,20260825,20261231
1200021540,0,0,0,0,0,1,0,20260825,20261231
1200021615,0,0,0,0,0,1,0,20260825,20261231
1200021650,0,0,0,0,0,1,0,20260825,20261231
1200021725,0,0,0,0,0,1,0,20260825,20261231
1200021800,0,0,0,0,0,1,0,20260825,20261231
1200021835,0,0,0,0,0,1,0,20260825,20261231
1200021910,0,0,0,0,0,1,0,20260825,20261231
1200021945,0,0,0,0,0,1,0,20260825,20261231
1200022020,0,0,0,0,0,1,0,20260825,20261231
1200022055,0,0,0,0,0,1,0,20260825,20261231
1200022130,0,0,0,0,0,1,0,20260825,20261231
1200022205,0,0,0,0,0,1,0,20260825,20261231
1200022240,0,0,0,0,0,1,0,20260825,20261231
1200030720,0,0,0,0,0,0,1,20260825,20261231
1200030745,0,0,0,0,0,0,1,20260825,20261231
1200030815,0,0,0,0,0,0,1,20260825,20261231
1200030845,0,0,0,0,0,0,1,20260825,20261231
1200030915,0,0,0,0,0,0,1,20260825,20261231
1200030950,0,0,0,0,0,0,1,20260825,20261231
1200031025,0,0,0,0,0,0,1,20260825,20261231
1200031100,0,0,0,0,0,0,1,20260825,20261231
1200031135,0,0,0,0,0,0,1,20260825,20261231
1200031210,0,0,0,0,0,0,1,20260825,20261231
1200031245,0,0,0,0,0,0,1,20260825,20261231
1200031320,0,0,0,0,0,0,1,20260825,20261231
1200031355,0,0,0,0,0,0,1,20260825,20261231
1200031430,0,0,0,0,0,0,1,20260825,20261231
1200031505,0,0,0,0,0,0,1,20260825,20261231
1200031540,0,0,0,0,0,0,1,20260825,20261231
1200031615,0,0,0,0,0,0,1,20260825,20261231
1200031650,0,0,0,0,0,0,1,20260825,20261231
1200031725,0,0,0,0,0,0,1,20260825,20261231
1200031800,0,0,0,0,0,0,1,20260825,20261231
1200031835,0,0,0,0,0,0,1,20260825,20261231
1200031910,0,0,0,0,0,0,1,20260825,20261231
1200031945,0,0,0,0,0,0,1,20260825,20261231
1200032020,0,0,0,0,0,0,1,20260825,20261231
1200032055,0,0,0,0,0,0,1,20260825,20261231
1200032130,0,0,0,0,0,0,1,20260825,20261231
1200032205,0,0,0,0,0,0,1,20260825,20261231
1200032240,0,0,0,0,0,0,1,20260825,20261231
1201010710,1,1,1,1,1,0,0,20260825,20261231
1201010743,1,1,1,1,1,0,0,20260825,20261231
1201010824,1,1,1,1,1,0,0,20260825,20261231
1201010905,1,1,1,1,1,0,0,20260825,20261231
1201010945,1,1,1,1,1,0,0,20260825,20261231
1201011026,1,1,1,1,1,0,0,20260825,20261231
1201011106,1,1,1,1,1,0,0,20260825,20261231
1201011147,1,1,1,1,1,0,0,20260825,20261231
1201011227,1,1,1,1,1,0,0,20260825,20261231
1201011308,1,1,1,1,1,0,0,20260825,20261231
1201011348,1,1,1,1,1,0,0,20260825,20261231
1201011429,1,1,1,1,1,0,0,20260825,20261231
1201011509,1,1,1,1,1,0,0,20260825,20261231
1201011550,1,1,1,1,1,0,0,20260825,20261231
1201011630,1,1,1,1,1,0,0,20260825,20261231
1201011711,1,1,1,1,1,0,0,20260825,20261231
1201011751,1,1,1,1,1,0,0,20260825,20261231
1201011832,1,1,1,1,1,0,0,20260825,20261231
1201011912,1,1,1,1,1,0,0,20260825,20261231
1201011953,1,1,1,1,1,0,0,20260825,20261231
1201012033,1,1,1,1,1,0,0,20260825,20261231
1201012114,1,1,1,1,1,0,0,20260825,20261231
1201012154,1,1,1,1,1,0,0,20260825,20261231
1201012225,1,1,1,1,1,0,0,20260825,20261231
1201020750,0,0,0,0,0,1,0,20260825,20261231
1201020815,0,0,0,0,0,1,0,20260825,20261231
1201020845,0,0,0,0,0,1,0,20260825,20261231
1201020915,0,0,0,0,0,1,0,20260825,20261231
1201020950,0,0,0,0,0,1,0,20260825,20261231
1201021025,0,0,0,0,0,1,0,20260825,20261231
1201021100,0,0,0,0,0,1,0,20260825,20261231
1201021135,0,0,0,0,0,1,0,20260825,20261231
1201021210,0,0,0,0,0,1,0,20260825,20261231
1201021245,0,0,0,0,0,1,0,20260825,20261231
1201021320,0,0,0,0,0,1,0,20260825,20261231
1201021355,0,0,0,0,0,1,0,20260825,20261231
1201021430,0,0,0,0,0,1,0,20260825,20261231
1201021505,0,0,0,0,0,1,0,20260825,20261231
1201021540,0,0,0,0,0,1,0,20260825,20261231
1201021615,0,0,0,0,0,1,0,20260825,20261231
1201021650,0,0,0,0,0,1,0,20260825,20261231
1201021725,0,0,0,0,0,1,0,20260825,20261231
1201021800,0,0,0,0,0,1,0,20260825,20261231
1201021835,0,0,0,0,0,1,0,20260825,20261231
1201021910,0,0,0,0,0,1,0,20260825,20261231
1201021945,0,0,0,0,0,1,0,20260825,20261231
1201022020,0,0,0,0,0,1,0,20260825,20261231
1201022055,0,0,0,0,0,1,0,20260825,20261231
1201022130,0,0,0,0,0,1,0,20260825,20261231
1201022205,0,0,0,0,0,1,0,20260825,20261231
1201022240,0,0,0,0,0,1,0,20260825,20261231
1201022310,0,0,0,0,0,1,0,20260825,20261231
1201030750,0,0,0,0,0,0,1,20260825,20261231
1201030815,0,0,0,0,0,0,1,20260825,20261231
1201030845,0,0,0,0,0,0,1,20260825,20261231
1201030915,0,0,0,0,0,0,1,20260825,20261231
1201030950,0,0,0,0,0,0,1,20260825,20261231
1201031025,0,0,0,0,0,0,1,20260825,20261231
1201031100,0,0,0,0,0,0,1,20260825,20261231
1201031135,0,0,0,0,0,0,1,20260825,20261231
1201031210,0,0,0,0,0,0,1,20260825,20261231
1201031245,0,0,0,0,0,0,1,20260825,20261231
1201031320,0,0,0,0,0,0,1,20260825,20261231
1201031355,0,0,0,0,0,0,1,20260825,20261231
1201031430,0,0,0,0,0,0,1,20260825,20261231
1201031505,0,0,0,0,0,0,1,20260825,20261231
1201031540,0,0,0,0,0,0,1,20260825,20261231
1201031615,0,0,0,0,0,0,1,20260825,20261231
1201031650,0,0,0,0,0,0,1,20260825,20261231
1201031725,0,0,0,0,0,0,1,20260825,20261231
1201031800,0,0,0,0,0,0,1,20260825,20261231
1201031835,0,0,0,0,0,0,1,20260825,20261231
1201031910,0,0,0,0,0,0,1,20260825,20261231
1201031945,0,0,0,0,0,0,1,20260825,20261231
1201032020,0,0,0,0,0,0,1,20260825,20261231
1201032055,0,0,0,0,0,0,1,20260825,20261231
1201032130,0,0,0,0,0,0,1,20260825,20261231
1201032205,0,0,0,0,0,0,1,20260825,20261231
1201032240,0,0,0,0,0,0,1,20260825,20261231
1201032310,0,0,0,0,0,0,1,20260825,20261231
1202010730,1,1,1,1,1,0,0,20260825,20261231
1202010809,1,1,1,1,1,0,0,20260825,20261231
1202010851,1,1,1,1,1,0,0,20260825,20261231
1202010932,1,1,1,1,1,0,0,20260825,20261231
1202011012,1,1,1,1,1,0,0,20260825,20261231
1202011053,1,1,1,1,1,0,0,20260825,20261231
1202011133,1,1,1,1,1,0,0,20260825,20261231
1202011214,1,1,1,1,1,0,0,20260825,20261231
1202011254,1,1,1,1,1,0,0,20260825,20261231
1202011335,1,1,1,1,1,0,0,20260825,20261231
1202011415,1,1,1,1,1,0,0,20260825,20261231
1202011456,1,1,1,1,1,0,0,20260825,20261231
1202011536,1,1,1,1,1,0,0,20260825,20261231
1202011617,1,1,1,1,1,0,0,20260825,20261231
1202011657,1,1,1,1,1,0,0,20260825,20261231
1202011738,1,1,1,1,1,0,0,20260825,20261231
1202011818,1,1,1,1,1,0,0,20260825,20261231
1202011859,1,1,1,1,1,0,0,20260825,20261231
1202011939,1,1,1,1,1,0,0,20260825,20261231
1202012020,1,1,1,1,1,0,0,20260825,20261231
1202012100,1,1,1,1,1,0,0,20260825,20261231
1202012141,1,1,1,1,1,0,0,20260825,20261231
1202012215,1,1,1,1,1,0,0,20260825,20261231
1202012250,1,1,1,1,1,0,0,20260825,20261231
1400010625,1,1,1,1,1,0,0,20260825,20261231
1400010700,1,1,1,1,1,0,0,20260825,20261231
1400010740,1,1,1,1,1,0,0,20260825,20261231
1400010815,1,1,1,1,1,0,0,20260825,20261231
1400010910,1,1,1,1,1,0,0,20260825,20261231
1400010945,1,1,1,1,1,0,0,20260825,20261231
1400011040,1,1,1,1,1,0,0,20260825,20261231
1400011115,1,1,1,1,1,0,0,20260825,20261231
1400011210,1,1,1,1,1,0,0,20260825,20261231
1400011245,1,1,1,1,1,0,0,20260825,20261231
1400011340,1,1,1,1,1,0,0,20260825,20261231
1400011415,1,1,1,1,1,0,0,20260825,20261231
1400011510,1,1,1,1,1,0,0,20260825,20261231
1400011545,1,1,1,1,1,0,0,20260825,20261231
1400011640,1,1,1,1,1,0,0,20260825,20261231
1400011715,1,1,1,1,1,0,0,20260825,20261231
1400011810,1,1,1,1,1,0,0,20260825,20261231
1400011845,1,1,1,1,1,0,0,20260825,20261231
1400011940,1,1,1,1,1,0,0,20260825,20261231
1400012015,1,1,1,1,1,0,0,20260825,20261231
1400012110,1,1,1,1,1,0,0,20260825,20261231
1400012140,1,1,1,1,1,0,0,20260825,20261231
1400020640,0,0,0,0,0,1,0,20260825,20261231
1400020705,0,0,0,0,0,1,0,20260825,20261231
1400020742,0,0,0,0,0,1,0,20260825,20261231
1400020815,0,0,0,0,0,1,0,20260825,20261231
1400020905,0,0,0,0,0,1,0,20260825,20261231
1400020940,0,0,0,0,0,1,0,20260825,20261231
1400021030,0,0,0,0,0,1,0,20260825,20261231
1400021105,0,0,0,0,0,1,0,20260825,20261231
1400021200,0,0,0,0,0,1,0,20260825,20261231
1400021235,0,0,0,0,0,1,0,20260825,20261231
1400021330,0,0,0,0,0,1,0,20260825,20261231
1400021405,0,0,0,0,0,1,0,20260825,20261231
1400021500,0,0,0,0,0,1,0,20260825,20261231
1400021535,0,0,0,0,0,1,0,20260825,20261231
1400021630,0,0,0,0,0,1,0,20260825,20261231
1400021705,0,0,0,0,0,1,0,20260825,20261231
1400021800,0,0,0,0,0,1,0,20260825,20261231
1400021835,0,0,0,0,0,1,0,20260825,20261231
1400021930,0,0,0,0,0,1,0,20260825,20261231
1400022005,0,0,0,0,0,1,0,20260825,20261231
1400022100,0,0,0,0,0,1,0,20260825,20261231
1400022135,0,0,0,0,0,1,0,20260825,20261231
1400030800,0,0,0,0,0,0,1,20260825,20261231
1400030832,0,0,0,0,0,0,1,20260825,20261231
1400030920,0,0,0,0,0,0,1,20260825,20261231
1400030952,0,0,0,0,0,0,1,20260825,20261231
1400031040,0,0,0,0,0,0,1,20260825,20261231
1400031112,0,0,0,0,0,0,1,20260825,20261231
1400031200,0,0,0,0,0,0,1,20260825,20261231
1400031232,0,0,0,0,0,0,1,20260825,20261231
1400031320,0,0,0,0,0,0,1,20260825,20261231
1400031352,0,0,0,0,0,0,1,20260825,20261231
1400031440,0,0,0,0,0,0,1,20260825,20261231
1400031512,0,0,0,0,0,0,1,20260825,20261231
1400031600,0,0,0,0,0,0,1,20260825,20261231
1400031632,0,0,0,0,0,0,1,20260825,20261231
1400031720,0,0,0,0,0,0,1,20260825,20261231
1400031752,0,0,0,0,0,0,1,20260825,20261231
1400031840,0,0,0,0,0,0,1,20260825,20261231
1400031912,0,0,0,0,0,0,1,20260825,20261231
1400032000,0,0,0,0,0,0,1,20260825,20261231
1400032032,0,0,0,0,0,0,1,20260825,20261231
1400032120,0,0,0,0,0,0,1,20260825,20261231
1400032152,0,0,0,0,0,0,1,20260825,20261231
1400032240,0,0,0,0,0,0,1,20260825,20261231
1400032310,0,0,0,0,0,0,1,20260825,20261231
1401010645,1,1,1,1,1,0,0,20260825,20261231
1401010715,1,1,1,1,1,0,0,20260825,20261231
1401010755,1,1,1,1,1,0,0,20260825,20261231
1401010830,1,1,1,1,1,0,0,20260825,20261231
1401010925,1,1,1,1,1,0,0,20260825,20261231
1401011000,1,1,1,1,1,0,0,20260825,20261231
1401011055,1,1,1,1,1,0,0,20260825,20261231
1401011130,1,1,1,1,1,0,0,20260825,20261231
1401011225,1,1,1,1,1,0,0,20260825,20261231
1401011300,1,1,1,1,1,0,0,20260825,20261231
1401011355,1,1,1,1,1,0,0,20260825,20261231
1401011430,1,1,1,1,1,0,0,20260825,20261231
1401011525,1,1,1,1,1,0,0,20260825,20261231
1401011600,1,1,1,1,1,0,0,20260825,20261231
1401011655,1,1,1,1,1,0,0,20260825,20261231
1401011730,1,1,1,1,1,0,0,20260825,20261231
1401011825,1,1,1,1,1,0,0,20260825,20261231
1401011900,1,1,1,1,1,0,0,20260825,20261231
1401011955,1,1,1,1,1,0,0,20260825,20261231
1401012030,1,1,1,1,1,0,0,20260825,20261231
1401012125,1,1,1,1,1,0,0,20260825,20261231
1401012155,1,1,1,1,1,0,0,20260825,20261231
1401020756,0,0,0,0,0,1,0,20260825,20261231
1401020831,0,0,0,0,0,1,0,20260825,20261231
1401020921,0,0,0,0,0,1,0,20260825,20261231
1401020956,0,0,0,0,0,1,0,20260825,20261231
1401021048,0,0,0,0,0,1,0,20260825,20261231
1401021123,0,0,0,0,0,1,0,20260825,20261231
1401021218,0,0,0,0,0,1,0,20260825,20261231
1401021253,0,0,0,0,0,1,0,20260825,20261231
1401021348,0,0,0,0,0,1,0,20260825,20261231
1401021423,0,0,0,0,0,1,0,20260825,20261231
1401021518,0,0,0,0,0,1,0,20260825,20261231
1401021553,0,0,0,0,0,1,0,20260825,20261231
1401021648,0,0,0,0,0,1,0,20260825,20261231
1401021723,0,0,0,0,0,1,0,20260825,20261231
1401021818,0,0,0,0,0,1,0,20260825,20261231
1401021853,0,0,0,0,0,1,0,20260825,20261231
1401021948,0,0,0,0,0,1,0,20260825,20261231
1401022023,0,0,0,0,0,1,0,20260825,20261231
1401022116,0,0,0,0,0,1,0,20260825,20261231
1401022151,0,0,0,0,0,1,0,20260825,20261231
1401022232,0,0,0,0,0,1,0,20260825,20261231
1401022305,0,0,0,0,0,1,0,20260825,20261231
1401030710,0,0,0,0,0,0,1,20260825,20261231
1401030740,0,0,0,0,0,0,1,20260825,20261231
1401030820,0,0,0,0,0,0,1,20260825,20261231
1401030852,0,0,0,0,0,0,1,20260825,20261231
1401030940,0,0,0,0,0,0,1,20260825,20261231
1401031012,0,0,0,0,0,0,1,20260825,20261231
1401031100,0,0,0,0,0,0,1,20260825,20261231
1401031132,0,0,0,0,0,0,1,20260825,20261231
1401031220,0,0,0,0,0,0,1,20260825,20261231
1401031252,0,0,0,0,0,0,1,20260825,20261231
1401031340,0,0,0,0,0,0,1,20260825,20261231
1401031412,0,0,0,0,0,0,1,20260825,20261231
1401031500,0,0,0,0,0,0,1,20260825,20261231
1401031532,0,0,0,0,0,0,1,20260825,20261231
1401031620,0,0,0,0,0,0,1,20260825,20261231
1401031652,0,0,0,0,0,0,1,20260825,20261231
1401031740,0,0,0,0,0,0,1,20260825,20261231
1401031812,0,0,0,0,0,0,1,20260825,20261231
1401031900,0,0,0,0,0,0,1,20260825,20261231
1401031932,0,0,0,0,0,0,1,20260825,20261231
1401032020,0,0,0,0,0,0,1,20260825,20261231
1401032052,0,0,0,0,0,0,1,20260825,20261231
1401032140,0,0,0,0,0,0,1,20260825,20261231
1401032212,0,0,0,0,0,0,1,20260825,20261231
1402010655,1,1,1,1,1,0,0,20260825,20261231
1402010726,1,1,1,1,1,0,0,20260825,20261231
1402010810,1,1,1,1,1,0,0,20260825,20261231
1402010845,1,1,1,1,1,0,0,20260825,20261231
1402010940,1,1,1,1,1,0,0,20260825,20261231
1402011015,1,1,1,1,1,0,0,20260825,20261231
1402011110,1,1,1,1,1,0,0,20260825,20261231
1402011145,1,1,1,1,1,0,0,20260825,20261231
1402011240,1,1,1,1,1,0,0,20260825,20261231
1402011315,1,1,1,1,1,0,0,20260825,20261231
1402011410,1,1,1,1,1,0,0,20260825,20261231
1402011445,1,1,1,1,1,0,0,20260825,20261231
1402011540,1,1,1,1,1,0,0,20260825,20261231
1402011615,1,1,1,1,1,0,0,20260825,20261231
1402011710,1,1,1,1,1,0,0,20260825,20261231
1402011745,1,1,1,1,1,0,0,20260825,20261231
1402011840,1,1,1,1,1,0,0,20260825,20261231
1402011915,1,1,1,1,1,0,0,20260825,20261231
1402012010,1,1,1,1,1,0,0,20260825,20261231
1402012045,1,1,1,1,1,0,0,20260825,20261231
1402012140,1,1,1,1,1,0,0,20260825,20261231
1402012205,1,1,1,1,1,0,0,20260825,20261231
1402020700,0,0,0,0,0,1,0,20260825,20261231
1402020725,0,0,0,0,0,1,0,20260825,20261231
1402020812,0,0,0,0,0,1,0,20260825,20261231
1402020847,0,0,0,0,0,1,0,20260825,20261231
1402020937,0,0,0,0,0,1,0,20260825,20261231
1402021012,0,0,0,0,0,1,0,20260825,20261231
1402021106,0,0,0,0,0,1,0,20260825,20261231
1402021141,0,0,0,0,0,1,0,20260825,20261231
1402021236,0,0,0,0,0,1,0,20260825,20261231
1402021311,0,0,0,0,0,1,0,20260825,20261231
1402021406,0,0,0,0,0,1,0,20260825,20261231
1402021441,0,0,0,0,0,1,0,20260825,20261231
1402021536,0,0,0,0,0,1,0,20260825,20261231
1402021611,0,0,0,0,0,1,0,20260825,20261231
1402021706,0,0,0,0,0,1,0,20260825,20261231
1402021741,0,0,0,0,0,1,0,20260825,20261231
1402021836,0,0,0,0,0,1,0,20260825,20261231
1402021911,0,0,0,0,0,1,0,20260825,20261231
1402022006,0,0,0,0,0,1,0,20260825,20261231
1402022041,0,0,0,0,0,1,0,20260825,20261231
1402022132,0,0,0,0,0,1,0,20260825,20261231
1402022207,0,0,0,0,0,1,0,20260825,20261231
1402030728,0,0,0,0,0,0,1,20260825,20261231
1402030758,0,0,0,0,0,0,1,20260825,20261231
1402030840,0,0,0,0,0,0,1,20260825,20261231
1402030912,0,0,0,0,0,0,1,20260825,20261231
1402031000,0,0,0,0,0,0,1,20260825,20261231
1402031032,0,0,0,0,0,0,1,20260825,20261231
1402031120,0,0,0,0,0,0,1,20260825,20261231
1402031152,0,0,0,0,0,0,1,20260825,20261231
1402031240,0,0,0,0,0,0,1,20260825,20261231
1402031312,0,0,0,0,0,0,1,20260825,20261231
1402031400,0,0,0,0,0,0,1,20260825,20261231
1402031432,0,0,0,0,0,0,1,20260825,20261231
1402031520,0,0,0,0,0,0,1,20260825,20261231
1402031552,0,0,0,0,0,0,1,20260825,20261231
1402031640,0,0,0,0,0,0,1,20260825,20261231
1402031712,0,0,0,0,0,0,1,20260825,20261231
1402031800,0,0,0,0,0,0,1,20260825,20261231
1402031832,0,0,0,0,0,0,1,20260825,20261231
1402031920,0,0,0,0,0,0,1,20260825,20261231
1402031952,0,0,0,0,0,0,1,20260825,20261231
1402032040,0,0,0,0,0,0,1,20260825,20261231
1402032112,0,0,0,0,0,0,1,20260825,20261231
1402032200,0,0,0,0,0,0,1,20260825,20261231
1402032232,0,0,0,0,0,0,1,20260825,20261231
1403010705,1,1,1,1,1,0,0,20260825,20261231
1403010737,1,1,1,1,1,0,0,20260825,20261231
1403010825,1,1,1,1,1,0,0,20260825,20261231
1403010900,1,1,1,1,1,0,0,20260825,20261231
1403010955,1,1,1,1,1,0,0,20260825,20261231
1403011030,1,1,1,1,1,0,0,20260825,20261231
1403011125,1,1,1,1,1,0,0,20260825,20261231
1403011200,1,1,1,1,1,0,0,20260825,20261231
1403011255,1,1,1,1,1,0,0,20260825,20261231
1403011330,1,1,1,1,1,0,0,20260825,20261231
1403011425,1,1,1,1,1,0,0,20260825,20261231
1403011500,1,1,1,1,1,0,0,20260825,20261231
1403011555,1,1,1,1,1,0,0,20260825,20261231
1403011630,1,1,1,1,1,0,0,20260825,20261231
1403011725,1,1,1,1,1,0,0,20260825,20261231
1403011800,1,1,1,1,1,0,0,20260825,20261231
1403011855,1,1,1,1,1,0,0,20260825,20261231
1403011930,1,1,1,1,1,0,0,20260825,20261231
1403012025,1,1,1,1,1,0,0,20260825,20261231
1403012100,1,1,1,1,1,0,0,20260825,20261231
1403012155,1,1,1,1,1,0,0,20260825,20261231
1403012220,1,1,1,1,1,0,0,20260825,20261231
1403020715,0,0,0,0,0,1,0,20260825,20261231
1403020743,0,0,0,0,0,1,0,20260825,20261231
1403020828,0,0,0,0,0,1,0,20260825,20261231
1403020904,0,0,0,0,0,1,0,20260825,20261231
1403020953,0,0,0,0,0,1,0,20260825,20261231
1403021028,0,0,0,0,0,1,0,20260825,20261231
1403021124,0,0,0,0,0,1,0,20260825,20261231
1403021159,0,0,0,0,0,1,0,20260825,20261231
1403021254,0,0,0,0,0,1,0,20260825,20261231
1403021329,0,0,0,0,0,1,0,20260825,20261231
1403021424,0,0,0,0,0,1,0,20260825,20261231
1403021459,0,0,0,0,0,1,0,20260825,20261231
1403021554,0,0,0,0,0,1,0,20260825,20261231
1403021629,0,0,0,0,0,1,0,20260825,20261231
1403021724,0,0,0,0,0,1,0,20260825,20261231
1403021759,0,0,0,0,0,1,0,20260825,20261231
1403021854,0,0,0,0,0,1,0,20260825,20261231
1403021929,0,0,0,0,0,1,0,20260825,20261231
1403022024,0,0,0,0,0,1,0,20260825,20261231
1403022059,0,0,0,0,0,1,0,20260825,20261231
1403022148,0,0,0,0,0,1,0,20260825,20261231
1403022223,0,0,0,0,0,1,0,20260825,20261231
1403030745,0,0,0,0,0,0,1,20260825,20261231
1403030815,0,0,0,0,0,0,1,20260825,20261231
1403030900,0,0,0,0,0,0,1,20260825,20261231
1403030932,0,0,0,0,0,0,1,20260825,20261231
1403031020,0,0,0,0,0,0,1,20260825,20261231
1403031052,0,0,0,0,0,0,1,20260825,20261231
1403031140,0,0,0,0,0,0,1,20260825,20261231
1403031212,0,0,0,0,0,0,1,20260825,20261231
1403031300,0,0,0,0,0,0,1,20260825,20261231
1403031332,0,0,0,0,0,0,1,20260825,20261231
1403031420,0,0,0,0,0,0,1,20260825,20261231
1403031452,0,0,0,0,0,0,1,20260825,20261231
1403031540,0,0,0,0,0,0,1,20260825,20261231
1403031612,0,0,0,0,0,0,1,20260825,20261231
1403031700,0,0,0,0,0,0,1,20260825,20261231
1403031732,0,0,0,0,0,0,1,20260825,20261231
1403031820,0,0,0,0,0,0,1,20260825,20261231
1403031852,0,0,0,0,0,0,1,20260825,20261231
1403031940,0,0,0,0,0,0,1,20260825,20261231
1403032012,0,0,0,0,0,0,1,20260825,20261231
1403032100,0,0,0,0,0,0,1,20260825,20261231
1403032132,0,0,0,0,0,0,1,20260825,20261231
1403032220,0,0,0,0,0,0,1,20260825,20261231
1403032252,0,0,0,0,0,0,1,20260825,20261231
1404010715,1,1,1,1,1,0,0,20260825,20261231
1404010748,1,1,1,1,1,0,0,20260825,20261231
1404010840,1,1,1,1,1,0,0,20260825,20261231
1404010915,1,1,1,1,1,0,0,20260825,20261231
1404011010,1,1,1,1,1,0,0,20260825,20261231
1404011045,1,1,1,1,1,0,0,20260825,20261231
1404011140,1,1,1,1,1,0,0,20260825,20261231
1404011215,1,1,1,1,1,0,0,20260825,20261231
1404011310,1,1,1,1,1,0,0,20260825,20261231
1404011345,1,1,1,1,1,0,0,20260825,20261231
1404011440,1,1,1,1,1,0,0,20260825,20261231
1404011515,1,1,1,1,1,0,0,20260825,20261231
1404011610,1,1,1,1,1,0,0,20260825,20261231
1404011645,1,1,1,1,1,0,0,20260825,20261231
1404011740,1,1,1,1,1,0,0,20260825,20261231
1404011815,1,1,1,1,1,0,0,20260825,20261231
1404011910,1,1,1,1,1,0,0,20260825,20261231
1404011945,1,1,1,1,1,0,0,20260825,20261231
1404012040,1,1,1,1,1,0,0,20260825,20261231
1404012115,1,1,1,1,1,0,0,20260825,20261231
1404012205,1,1,1,1,1,0,0,20260825,20261231
1404012235,1,1,1,1,1,0,0,20260825,20261231
1404020730,0,0,0,0,0,1,0,20260825,20261231
1404020800,0,0,0,0,0,1,0,20260825,20261231
1404020847,0,0,0,0,0,1,0,20260825,20261231
1404020922,0,0,0,0,0,1,0,20260825,20261231
1404021012,0,0,0,0,0,1,0,20260825,20261231
1404021047,0,0,0,0,0,1,0,20260825,20261231
1404021142,0,0,0,0,0,1,0,20260825,20261231
1404021217,0,0,0,0,0,1,0,20260825,20261231
1404021312,0,0,0,0,0,1,0,20260825,20261231
1404021347,0,0,0,0,0,1,0,20260825,20261231
1404021442,0,0,0,0,0,1,0,20260825,20261231
1404021517,0,0,0,0,0,1,0,20260825,20261231
1404021612,0,0,0,0,0,1,0,20260825,20261231
1404021647,0,0,0,0,0,1,0,20260825,20261231
1404021742,0,0,0,0,0,1,0,20260825,20261231
1404021817,0,0,0,0,0,1,0,20260825,20261231
1404021912,0,0,0,0,0,1,0,20260825,20261231
1404021947,0,0,0,0,0,1,0,20260825,20261231
1404022042,0,0,0,0,0,1,0,20260825,20261231
1404022117,0,0,0,0,0,1,0,20260825,20261231
1404022205,0,0,0,0,0,1,0,20260825,20261231
1404022240,0,0,0,0,0,1,0,20260825,20261231
1405010725,1,1,1,1,1,0,0,20260825,20261231
1405010800,1,1,1,1,1,0,0,20260825,20261231
1405010855,1,1,1,1,1,0,0,20260825,20261231
1405010930,1,1,1,1,1,0,0,20260825,20261231
1405011025,1,1,1,1,1,0,0,20260825,20261231
1405011100,1,1,1,1,1,0,0,20260825,20261231
1405011155,1,1,1,1,1,0,0,20260825,20261231
1405011230,1,1,1,1,1,0,0,20260825,20261231
1405011325,1,1,1,1,1,0,0,20260825,20261231
1405011400,1,1,1,1,1,0,0,20260825,20261231
1405011455,1,1,1,1,1,0,0,20260825,20261231
1405011530,1,1,1,1,1,0,0,20260825,20261231
1405011625,1,1,1,1,1,0,0,20260825,20261231
1405011700,1,1,1,1,1,0,0,20260825,20261231
1405011755,1,1,1,1,1,0,0,20260825,20261231
1405011830,1,1,1,1,1,0,0,20260825,20261231
1405011925,1,1,1,1,1,0,0,20260825,20261231
1405012000,1,1,1,1,1,0,0,20260825,20261231
1405012055,1,1,1,1,1,0,0,20260825,20261231
1405012130,1,1,1,1,1,0,0,20260825,20261231
1405012220,1,1,1,1,1,0,0,20260825,20261231
1405012248,1,1,1,1,1,0,0,20260825,20261231
1500010655,1,1,1,1,1,0,0,20260825,20261231
1500010740,1,1,1,1,1,0,0,20260825,20261231
1500010834,1,1,1,1,1,0,0,20260825,20261231
1500010928,1,1,1,1,1,0,0,20260825,20261231
1500011022,1,1,1,1,1,0,0,20260825,20261231
1500011116,1,1,1,1,1,0,0,20260825,20261231
1500011210,1,1,1,1,1,0,0,20260825,20261231
1500011304,1,1,1,1,1,0,0,20260825,20261231
1500011358,1,1,1,1,1,0,0,20260825,20261231
1500011452,1,1,1,1,1,0,0,20260825,20261231
1500011546,1,1,1,1,1,0,0,20260825,20261231
1500011640,1,1,1,1,1,0,0,20260825,20261231
1500011734,1,1,1,1,1,0,0,20260825,20261231
1500011828,1,1,1,1,1,0,0,20260825,20261231
1500011922,1,1,1,1,1,0,0,20260825,20261231
1500012016,1,1,1,1,1,0,0,20260825,20261231
1500012110,1,1,1,1,1,0,0,20260825,20261231
1500012205,1,1,1,1,1,0,0,20260825,20261231
1500020705,0,0,0,0,0,1,0,20260825,20261231
1500020735,0,0,0,0,0,1,0,20260825,20261231
1500020820,0,0,0,0,0,1,0,20260825,20261231
1500020905,0,0,0,0,0,1,0,20260825,20261231
1500020950,0,0,0,0,0,1,0,20260825,20261231
1500021035,0,0,0,0,0,1,0,20260825,20261231
1500021125,0,0,0,0,0,1,0,20260825,20261231
1500021215,0,0,0,0,0,1,0,20260825,20261231
1500021305,0,0,0,0,0,1,0,20260825,20261231
1500021355,0,0,0,0,0,1,0,20260825,20261231
1500021445,0,0,0,0,0,1,0,20260825,20261231
1500021535,0,0,0,0,0,1,0,20260825,20261231
1500021625,0,0,0,0,0,1,0,20260825,20261231
1500021715,0,0,0,0,0,1,0,20260825,20261231
1500021805,0,0,0,0,0,1,0,20260825,20261231
1500021855,0,0,0,0,0,1,0,20260825,20261231
1500021945,0,0,0,0,0,1,0,20260825,20261231
1500022035,0,0,0,0,0,1,0,20260825,20261231
1500022125,0,0,0,0,0,1,0,20260825,20261231
1500030705,0,0,0,0,0,0,1,20260825,20261231
1500030735,0,0,0,0,0,0,1,20260825,20261231
1500030820,0,0,0,0,0,0,1,20260825,20261231
1500030905,0,0,0,0,0,0,1,20260825,20261231
1500030950,0,0,0,0,0,0,1,20260825,20261231
1500031035,0,0,0,0,0,0,1,20260825,20261231
1500031125,0,0,0,0,0,0,1,20260825,20261231
1500031215,0,0,0,0,0,0,1,20260825,20261231
1500031305,0,0,0,0,0,0,1,20260825,20261231
1500031355,0,0,0,0,0,0,1,20260825,20261231
1500031445,0,0,0,0,0,0,1,20260825,20261231
1500031535,0,0,0,0,0,0,1,20260825,20261231
1500031625,0,0,0,0,0,0,1,20260825,20261231
1500031715,0,0,0,0,0,0,1,20260825,20261231
1500031805,0,0,0,0,0,0,1,20260825,20261231
1500031855,0,0,0,0,0,0,1,20260825,20261231
1500031945,0,0,0,0,0,0,1,20260825,20261231
1500032035,0,0,0,0,0,0,1,20260825,20261231
1500032125,0,0,0,0,0,0,1,20260825,20261231
1501010725,1,1,1,1,1,0,0,20260825,20261231
1501010815,1,1,1,1,1,0,0,20260825,20261231
1501010910,1,1,1,1,1,0,0,20260825,20261231
1501011004,1,1,1,1,1,0,0,20260825,20261231
1501011058,1,1,1,1,1,0,0,20260825,20261231
1501011152,1,1,1,1,1,0,0,20260825,20261231
1501011246,1,1,1,1,1,0,0,20260825,20261231
1501011340,1,1,1,1,1,0,0,20260825,20261231
1501011434,1,1,1,1,1,0,0,20260825,20261231
1501011528,1,1,1,1,1,0,0,20260825,20261231
1501011622,1,1,1,1,1,0,0,20260825,20261231
1501011716,1,1,1,1,1,0,0,20260825,20261231
1501011810,1,1,1,1,1,0,0,20260825,20261231
1501011904,1,1,1,1,1,0,0,20260825,20261231
1501011958,1,1,1,1,1,0,0,20260825,20261231
1501012052,1,1,1,1,1,0,0,20260825,20261231
1501012145,1,1,1,1,1,0,0,20260825,20261231
1501012235,1,1,1,1,1,0,0,20260825,20261231
1501020735,0,0,0,0,0,1,0,20260825,20261231
1501020820,0,0,0,0,0,1,0,20260825,20261231
1501020905,0,0,0,0,0,1,0,20260825,20261231
1501020950,0,0,0,0,0,1,0,20260825,20261231
1501021035,0,0,0,0,0,1,0,20260825,20261231
1501021125,0,0,0,0,0,1,0,20260825,20261231
1501021215,0,0,0,0,0,1,0,20260825,20261231
1501021305,0,0,0,0,0,1,0,20260825,20261231
1501021355,0,0,0,0,0,1,0,20260825,20261231
1501021445,0,0,0,0,0,1,0,20260825,20261231
1501021535,0,0,0,0,0,1,0,20260825,20261231
1501021625,0,0,0,0,0,1,0,20260825,20261231
1501021715,0,0,0,0,0,1,0,20260825,20261231
1501021805,0,0,0,0,0,1,0,20260825,20261231
1501021855,0,0,0,0,0,1,0,20260825,20261231
1501021945,0,0,0,0,0,1,0,20260825,20261231
1501022035,0,0,0,0,0,1,0,20260825,20261231
1501022125,0,0,0,0,0,1,0,20260825,20261231
1501022215,0,0,0,0,0,1,0,20260825,20261231
1501030735,0,0,0,0,0,0,1,20260825,20261231
1501030820,0,0,0,0,0,0,1,20260825,20261231
1501030905,0,0,0,0,0,0,1,20260825,20261231
1501030950,0,0,0,0,0,0,1,20260825,20261231
1501031035,0,0,0,0,0,0,1,20260825,20261231
1501031125,0,0,0,0,0,0,1,20260825,20261231
1501031215,0,0,0,0,0,0,1,20260825,20261231
1501031305,0,0,0,0,0,0,1,20260825,20261231
1501031355,0,0,0,0,0,0,1,20260825,20261231
1501031445,0,0,0,0,0,0,1,20260825,20261231
1501031535,0,0,0,0,0,0,1,20260825,20261231
1501031625,0,0,0,0,0,0,1,20260825,20261231
1501031715,0,0,0,0,0,0,1,20260825,20261231
1501031805,0,0,0,0,0,0,1,20260825,20261231
1501031855,0,0,0,0,0,0,1,20260825,20261231
1501031945,0,0,0,0,0,0,1,20260825,20261231
1501032035,0,0,0,0,0,0,1,20260825,20261231
1501032125,0,0,0,0,0,0,1,20260825,20261231
1501032215,0,0,0,0,0,0,1,20260825,20261231
1502010630,1,1,1,1,1,0,0,20260825,20261231
1502010710,1,1,1,1,1,0,0,20260825,20261231
1502010755,1,1,1,1,1,0,0,20260825,20261231
1502010850,1,1,1,1,1,0,0,20260825,20261231
1502010946,1,1,1,1,1,0,0,20260825,20261231
1502011040,1,1,1,1,1,0,0,20260825,20261231
1502011134,1,1,1,1,1,0,0,20260825,20261231
1502011228,1,1,1,1,1,0,0,20260825,20261231
1502011322,1,1,1,1,1,0,0,20260825,20261231
1502011416,1,1,1,1,1,0,0,20260825,20261231
1502011510,1,1,1,1,1,0,0,20260825,20261231
1502011604,1,1,1,1,1,0,0,20260825,20261231
1502011658,1,1,1,1,1,0,0,20260825,20261231
1502011752,1,1,1,1,1,0,0,20260825,20261231
1502011846,1,1,1,1,1,0,0,20260825,20261231
1502011940,1,1,1,1,1,0,0,20260825,20261231
1502012034,1,1,1,1,1,0,0,20260825,20261231
1502012128,1,1,1,1,1,0,0,20260825,20261231
1700010715,1,1,1,1,1,0,0,20260825,20261231
1700010745,1,1,1,1,1,0,0,20260825,20261231
1700010825,1,1,1,1,1,0,0,20260825,20261231
1700010905,1,1,1,1,1,0,0,20260825,20261231
1700010945,1,1,1,1,1,0,0,20260825,20261231
1700011025,1,1,1,1,1,0,0,20260825,20261231
1700011100,1,1,1,1,1,0,0,20260825,20261231
1700011135,1,1,1,1,1,0,0,20260825,20261231
1700011210,1,1,1,1,1,0,0,20260825,20261231
1700011245,1,1,1,1,1,0,0,20260825,20261231
1700011325,1,1,1,1,1,0,0,20260825,20261231
1700011405,1,1,1,1,1,0,0,20260825,20261231
1700011445,1,1,1,1,1,0,0,20260825,20261231
1700011525,1,1,1,1,1,0,0,20260825,20261231
1700011600,1,1,1,1,1,0,0,20260825,20261231
1700011635,1,1,1,1,1,0,0,20260825,20261231
1700011710,1,1,1,1,1,0,0,20260825,20261231
1700011745,1,1,1,1,1,0,0,20260825,20261231
1700011820,1,1,1,1,1,0,0,20260825,20261231
1700011855,1,1,1,1,1,0,0,20260825,20261231
1700011930,1,1,1,1,1,0,0,20260825,20261231
1700012005,1,1,1,1,1,0,0,20260825,20261231
1700012040,1,1,1,1,1,0,0,20260825,20261231
1700012115,1,1,1,1,1,0,0,20260825,20261231
1700012150,1,1,1,1,1,0,0,20260825,20261231
1700012220,1,1,1,1,1,0,0,20260825,20261231
1700020715,0,0,0,0,0,1,0,20260825,20261231
1700020745,0,0,0,0,0,1,0,20260825,20261231
1700020815,0,0,0,0,0,1,0,20260825,20261231
1700020845,0,0,0,0,0,1,0,20260825,20261231
1700020915,0,0,0,0,0,1,0,20260825,20261231
1700020945,0,0,0,0,0,1,0,20260825,20261231
1700021015,0,0,0,0,0,1,0,20260825,20261231
1700021045,0,0,0,0,0,1,0,20260825,20261231
1700021120,0,0,0,0,0,1,0,20260825,20261231
1700021155,0,0,0,0,0,1,0,20260825,20261231
1700021230,0,0,0,0,0,1,0,20260825,20261231
1700021305,0,0,0,0,0,1,0,20260825,20261231
1700021340,0,0,0,0,0,1,0,20260825,20261231
1700021415,0,0,0,0,0,1,0,20260825,20261231
1700021450,0,0,0,0,0,1,0,20260825,20261231
1700021525,0,0,0,0,0,1,0,20260825,20261231
1700021600,0,0,0,0,0,1,0,20260825,20261231
1700021635,0,0,0,0,0,1,0,20260825,20261231
1700021710,0,0,0,0,0,1,0,20260825,20261231
1700021745,0,0,0,0,0,1,0,20260825,20261231
1700021820,0,0,0,0,0,1,0,20260825,20261231
1700021855,0,0,0,0,0,1,0,20260825,20261231
1700021930,0,0,0,0,0,1,0,20260825,20261231
1700022005,0,0,0,0,0,1,0,20260825,20261231
1700022040,0,0,0,0,0,1,0,20260825,20261231
1700022115,0,0,0,0,0,1,0,20260825,20261231
1700022145,0,0,0,0,0,1,0,20260825,20261231
1700022220,0,0,0,0,0,1,0,20260825,20261231
1700030720,0,0,0,0,0,0,1,20260825,20261231
1700030745,0,0,0,0,0,0,1,20260825,20261231
1700030817,0,0,0,0,0,0,1,20260825,20261231
1700030850,0,0,0,0,0,0,1,20260825,20261231
1700030922,0,0,0,0,0,0,1,20260825,20261231
1700030955,0,0,0,0,0,0,1,20260825,20261231
1700031027,0,0,0,0,0,0,1,20260825,20261231
1700031100,0,0,0,0,0,0,1,20260825,20261231
1700031132,0,0,0,0,0,0,1,20260825,20261231
1700031205,0,0,0,0,0,0,1,20260825,20261231
1700031237,0,0,0,0,0,0,1,20260825,20261231
1700031310,0,0,0,0,0,0,1,20260825,20261231
1700031342,0,0,0,0,0,0,1,20260825,20261231
1700031415,0,0,0,0,0,0,1,20260825,20261231
1700031447,0,0,0,0,0,0,1,20260825,20261231
1700031520,0,0,0,0,0,0,1,20260825,20261231
1700031552,0,0,0,0,0,0,1,20260825,20261231
1700031625,0,0,0,0,0,0,1,20260825,20261231
1700031657,0,0,0,0,0,0,1,20260825,20261231
1700031730,0,0,0,0,0,0,1,20260825,20261231
1700031802,0,0,0,0,0,0,1,20260825,20261231
1700031835,0,0,0,0,0,0,1,20260825,20261231
1700031907,0,0,0,0,0,0,1,20260825,20261231
1700031940,0,0,0,0,0,0,1,20260825,20261231
1700032012,0,0,0,0,0,0,1,20260825,20261231
1700032045,0,0,0,0,0,0,1,20260825,20261231
1700032112,0,0,0,0,0,0,1,20260825,20261231
1700032140,0,0,0,0,0,0,1,20260825,20261231
1700032202,0,0,0,0,0,0,1,20260825,20261231
1700032230,0,0,0,0,0,0,1,20260825,20261231
1701010710,1,1,1,1,1,0,0,20260825,20261231
1701010745,1,1,1,1,1,0,0,20260825,20261231
1701010825,1,1,1,1,1,0,0,20260825,20261231
1701010905,1,1,1,1,1,0,0,20260825,20261231
1701010945,1,1,1,1,1,0,0,20260825,20261231
1701011025,1,1,1,1,1,0,0,20260825,20261231
1701011100,1,1,1,1,1,0,0,20260825,20261231
1701011135,1,1,1,1,1,0,0,20260825,20261231
1701011210,1,1,1,1,1,0,0,20260825,20261231
1701011245,1,1,1,1,1,0,0,20260825,20261231
1701011325,1,1,1,1,1,0,0,20260825,20261231
1701011405,1,1,1,1,1,0,0,20260825,20261231
1701011445,1,1,1,1,1,0,0,20260825,20261231
1701011525,1,1,1,1,1,0,0,20260825,20261231
1701011600,1,1,1,1,1,0,0,20260825,20261231
1701011635,1,1,1,1,1,0,0,20260825,20261231
1701011710,1,1,1,1,1,0,0,20260825,20261231
1701011745,1,1,1,1,1,0,0,20260825,20261231
1701011820,1,1,1,1,1,0,0,20260825,20261231
1701011855,1,1,1,1,1,0,0,20260825,20261231
1701011930,1,1,1,1,1,0,0,20260825,20261231
1701012005,1,1,1,1,1,0,0,20260825,20261231
1701012040,1,1,1,1,1,0,0,20260825,20261231
1701012115,1,1,1,1,1,0,0,20260825,20261231
1701012150,1,1,1,1,1,0,0,20260825,20261231
1701020745,0,0,0,0,0,1,0,20260825,20261231
1701020815,0,0,0,0,0,1,0,20260825,20261231
1701020845,0,0,0,0,0,1,0,20260825,20261231
1701020915,0,0,0,0,0,1,0,20260825,20261231
1701020945,0,0,0,0,0,1,0,20260825,20261231
1701021015,0,0,0,0,0,1,0,20260825,20261231
1701021045,0,0,0,0,0,1,0,20260825,20261231
1701021120,0,0,0,0,0,1,0,20260825,20261231
1701021155,0,0,0,0,0,1,0,20260825,20261231
1701021230,0,0,0,0,0,1,0,20260825,20261231
1701021305,0,0,0,0,0,1,0,20260825,20261231
1701021340,0,0,0,0,0,1,0,20260825,20261231
1701021415,0,0,0,0,0,1,0,20260825,20261231
1701021450,0,0,0,0,0,1,0,20260825,20261231
1701030955,0,0,0,0,0,0,1,20260825,20261231
1701031025,0,0,0,0,0,0,1,20260825,20261231
1701031057,0,0,0,0,0,0,1,20260825,20261231
1701031130,0,0,0,0,0,0,1,20260825,20261231
1701031202,0,0,0,0,0,0,1,20260825,20261231
1701031235,0,0,0,0,0,0,1,20260825,20261231
1701031307,0,0,0,0,0,0,1,20260825,20261231
1701031340,0,0,0,0,0,0,1,20260825,20261231
1701031412,0,0,0,0,0,0,1,20260825,20261231
1701031445,0,0,0,0,0,0,1,20260825,20261231
1701031625,0,0,0,0,0,0,1,20260825,20261231
1701031655,0,0,0,0,0,0,1,20260825,20261231
1701031727,0,0,0,0,0,0,1,20260825,20261231
1701031800,0,0,0,0,0,0,1,20260825,20261231
1701031832,0,0,0,0,0,0,1,20260825,20261231
1701031905,0,0,0,0,0,0,1,20260825,20261231
1701031937,0,0,0,0,0,0,1,20260825,20261231
1701032010,0,0,0,0,0,0,1,20260825,20261231
1701032042,0,0,0,0,0,0,1,20260825,20261231
1701032110,0,0,0,0,0,0,1,20260825,20261231
1701032142,0,0,0,0,0,0,1,20260825,20261231
1701032210,0,0,0,0,0,0,1,20260825,20261231
1800020030,0,0,0,0,0,1,0,20260825,20261231
1800020120,0,0,0,0,0,1,0,20260825,20261231
1800020130,0,0,0,0,0,1,0,20260825,20261231
1800020220,0,0,0,0,0,1,0,20260825,20261231
1800020230,0,0,0,0,0,1,0,20260825,20261231
1800020320,0,0,0,0,0,1,0,20260825,20261231
1800020330,0,0,0,0,0,1,0,20260825,20261231
1800020420,0,0,0,0,0,1,0,20260825,20261231
1800020430,0,0,0,0,0,1,0,20260825,20261231
1800030030,0,0,0,0,0,0,1,20260825,20261231
1800030120,0,0,0,0,0,0,1,20260825,20261231
1800030130,0,0,0,0,0,0,1,20260825,20261231
1800030220,0,0,0,0,0,0,1,20260825,20261231
1800030230,0,0,0,0,0,0,1,20260825,20261231
1800030320,0,0,0,0,0,0,1,20260825,20261231
1800030330,0,0,0,0,0,0,1,20260825,20261231
1800030420,0,0,0,0,0,0,1,20260825,20261231
1800030430,0,0,0,0,0,0,1,20260825,20261231
1801020005,0,0,0,0,0,1,0,20260825,20261231
1801020040,0,0,0,0,0,1,0,20260825,20261231
1801020100,0,0,0,0,0,1,0,20260825,20261231
1801020140,0,0,0,0,0,1,0,20260825,20261231
1801020200,0,0,0,0,0,1,0,20260825,20261231
1801020240,0,0,0,0,0,1,0,20260825,20261231
1801020300,0,0,0,0,0,1,0,20260825,20261231
1801020340,0,0,0,0,0,1,0,20260825,20261231
1801020400,0,0,0,0,0,1,0,20260825,20261231
1801020440,0,0,0,0,0,1,0,20260825,20261231
1801020500,0,0,0,0,0,1,0,20260825,20261231
1801030005,0,0,0,0,0,0,1,20260825,20261231
1801030040,0,0,0,0,0,0,1,20260825,20261231
1801030100,0,0,0,0,0,0,1,20260825,20261231
1801030140,0,0,0,0,0,0,1,20260825,20261231
1801030200,0,0,0,0,0,0,1,20260825,20261231
1801030240,0,0,0,0,0,0,1,20260825,20261231
1801030300,0,0,0,0,0,0,1,20260825,20261231
1801030340,0,0,0,0,0,0,1,20260825,20261231
1801030400,0,0,0,0,0,0,1,20260825,20261231
1801030440,0,0,0,0,0,0,1,20260825,20261231
1801030500,0,0,0,0,0,0,1,20260825,20261231
1900010650,1,1,1,1,1,0,0,20260825,20261231
1900010720,1,1,1,1,1,0,0,20260825,20261231
1900010800,1,1,1,1,1,0,0,20260825,20261231
1900010840,1,1,1,1,1,0,0,20260825,20261231
1900010920,1,1,1,1,1,0,0,20260825,20261231
1900011000,1,1,1,1,1,0,0,20260825,20261231
1900011040,1,1,1,1,1,0,0,20260825,20261231
1900011120,1,1,1,1,1,0,0,20260825,20261231
1900011200,1,1,1,1,1,0,0,20260825,20261231
1900011240,1,1,1,1,1,0,0,20260825,20261231
1900011320,1,1,1,1,1,0,0,20260825,20261231
1900011400,1,1,1,1,1,0,0,20260825,20261231
1900011440,1,1,1,1,1,0,0,20260825,20261231
1900011520,1,1,1,1,1,0,0,20260825,20261231
1900011600,1,1,1,1,1,0,0,20260825,20261231
1900011640,1,1,1,1,1,0,0,20260825,20261231
1900011720,1,1,1,1,1,0,0,20260825,20261231
1900011800,1,1,1,1,1,0,0,20260825,20261231
1900011840,1,1,1,1,1,0,0,20260825,20261231
1900011920,1,1,1,1,1,0,0,20260825,20261231
1900012000,1,1,1,1,1,0,0,20260825,20261231
1900012040,1,1,1,1,1,0,0,20260825,20261231
1900012120,1,1,1,1,1,0,0,20260825,20261231
1900012155,1,1,1,1,1,0,0,20260825,20261231
1900020700,0,0,0,0,0,1,0,20260825,20261231
1900020730,0,0,0,0,0,1,0,20260825,20261231
1900020810,0,0,0,0,0,1,0,20260825,20261231
1900020850,0,0,0,0,0,1,0,20260825,20261231
1900020925,0,0,0,0,0,1,0,20260825,20261231
1900021005,0,0,0,0,0,1,0,20260825,20261231
1900021042,0,0,0,0,0,1,0,20260825,20261231
1900021118,0,0,0,0,0,1,0,20260825,20261231
1900021154,0,0,0,0,0,1,0,20260825,20261231
1900021230,0,0,0,0,0,1,0,20260825,20261231
1900021306,0,0,0,0,0,1,0,20260825,20261231
1900021342,0,0,0,0,0,1,0,20260825,20261231
1900021418,0,0,0,0,0,1,0,20260825,20261231
1900021454,0,0,0,0,0,1,0,20260825,20261231
1900021530,0,0,0,0,0,1,0,20260825,20261231
1900021606,0,0,0,0,0,1,0,20260825,20261231
1900021644,0,0,0,0,0,1,0,20260825,20261231
1900021722,0,0,0,0,0,1,0,20260825,20261231
1900021800,0,0,0,0,0,1,0,20260825,20261231
1900021838,0,0,0,0,0,1,0,20260825,20261231
1900021916,0,0,0,0,0,1,0,20260825,20261231
1900021954,0,0,0,0,0,1,0,20260825,20261231
1900022032,0,0,0,0,0,1,0,20260825,20261231
1900022110,0,0,0,0,0,1,0,20260825,20261231
1900022150,0,0,0,0,0,1,0,20260825,20261231
1900030800,0,0,0,0,0,0,1,20260825,20261231
1900030830,0,0,0,0,0,0,1,20260825,20261231
1900030900,0,0,0,0,0,0,1,20260825,20261231
1900030930,0,0,0,0,0,0,1,20260825,20261231
1900031005,0,0,0,0,0,0,1,20260825,20261231
1900031040,0,0,0,0,0,0,1,20260825,20261231
1900031115,0,0,0,0,0,0,1,20260825,20261231
1900031150,0,0,0,0,0,0,1,20260825,20261231
1900031225,0,0,0,0,0,0,1,20260825,20261231
1900031300,0,0,0,0,0,0,1,20260825,20261231
1900031335,0,0,0,0,0,0,1,20260825,20261231
1900031410,0,0,0,0,0,0,1,20260825,20261231
1900031445,0,0,0,0,0,0,1,20260825,20261231
1900031520,0,0,0,0,0,0,1,20260825,20261231
1900031555,0,0,0,0,0,0,1,20260825,20261231
1900031630,0,0,0,0,0,0,1,20260825,20261231
1900031705,0,0,0,0,0,0,1,20260825,20261231
1900031740,0,0,0,0,0,0,1,20260825,20261231
1900031815,0,0,0,0,0,0,1,20260825,20261231
1900031850,0,0,0,0,0,0,1,20260825,20261231
1900031925,0,0,0,0,0,0,1,20260825,20261231
1900032000,0,0,0,0,0,0,1,20260825,20261231
1900032035,0,0,0,0,0,0,1,20260825,20261231
1900032110,0,0,0,0,0,0,1,20260825,20261231
1900032145,0,0,0,0,0,0,1,20260825,20261231
1900032220,0,0,0,0,0,0,1,20260825,20261231
1900032255,0,0,0,0,0,0,1,20260825,20261231
1901010820,1,1,1,1,1,0,0,20260825,20261231
1901010900,1,1,1,1,1,0,0,20260825,20261231
1901010940,1,1,1,1,1,0,0,20260825,20261231
1901011020,1,1,1,1,1,0,0,20260825,20261231
1901011100,1,1,1,1,1,0,0,20260825,20261231
1901011140,1,1,1,1,1,0,0,20260825,20261231
1901011220,1,1,1,1,1,0,0,20260825,20261231
1901011300,1,1,1,1,1,0,0,20260825,20261231
1901011340,1,1,1,1,1,0,0,20260825,20261231
1901011420,1,1,1,1,1,0,0,20260825,20261231
1901011500,1,1,1,1,1,0,0,20260825,20261231
1901011540,1,1,1,1,1,0,0,20260825,20261231
1901011620,1,1,1,1,1,0,0,20260825,20261231
1901011700,1,1,1,1,1,0,0,20260825,20261231
1901011740,1,1,1,1,1,0,0,20260825,20261231
1901011820,1,1,1,1,1,0,0,20260825,20261231
1901011900,1,1,1,1,1,0,0,20260825,20261231
1901011940,1,1,1,1,1,0,0,20260825,20261231
1901012020,1,1,1,1,1,0,0,20260825,20261231
1901012100,1,1,1,1,1,0,0,20260825,20261231
1901012140,1,1,1,1,1,0,0,20260825,20261231
1901012220,1,1,1,1,1,0,0,20260825,20261231
1901012255,1,1,1,1,1,0,0,20260825,20261231
1901020630,0,0,0,0,0,1,0,20260825,20261231
1901020700,0,0,0,0,0,1,0,20260825,20261231
1901020730,0,0,0,0,0,1,0,20260825,20261231
1901020800,0,0,0,0,0,1,0,20260825,20261231
1901020835,0,0,0,0,0,1,0,20260825,20261231
1901020915,0,0,0,0,0,1,0,20260825,20261231
1901020954,0,0,0,0,0,1,0,20260825,20261231
1901021030,0,0,0,0,0,1,0,20260825,20261231
1901021106,0,0,0,0,0,1,0,20260825,20261231
1901021142,0,0,0,0,0,1,0,20260825,20261231
1901021218,0,0,0,0,0,1,0,20260825,20261231
1901021254,0,0,0,0,0,1,0,20260825,20261231
1901021330,0,0,0,0,0,1,0,20260825,20261231
1901021406,0,0,0,0,0,1,0,20260825,20261231
1901021442,0,0,0,0,0,1,0,20260825,20261231
1901021516,0,0,0,0,0,1,0,20260825,20261231
1901021550,0,0,0,0,0,1,0,20260825,20261231
1901021625,0,0,0,0,0,1,0,20260825,20261231
1901021703,0,0,0,0,0,1,0,20260825,20261231
1901021741,0,0,0,0,0,1,0,20260825,20261231
1901021819,0,0,0,0,0,1,0,20260825,20261231
1901021857,0,0,0,0,0,1,0,20260825,20261231
1901021935,0,0,0,0,0,1,0,20260825,20261231
1901022013,0,0,0,0,0,1,0,20260825,20261231
1901022051,0,0,0,0,0,1,0,20260825,20261231
1901022129,0,0,0,0,0,1,0,20260825,20261231
1901030730,0,0,0,0,0,0,1,20260825,20261231
1901030755,0,0,0,0,0,0,1,20260825,20261231
1901030830,0,0,0,0,0,0,1,20260825,20261231
1901030900,0,0,0,0,0,0,1,20260825,20261231
1901030930,0,0,0,0,0,0,1,20260825,20261231
1901031005,0,0,0,0,0,0,1,20260825,20261231
1901031040,0,0,0,0,0,0,1,20260825,20261231
1901031115,0,0,0,0,0,0,1,20260825,20261231
1901031150,0,0,0,0,0,0,1,20260825,20261231
1901031225,0,0,0,0,0,0,1,20260825,20261231
1901031300,0,0,0,0,0,0,1,20260825,20261231
1901031335,0,0,0,0,0,0,1,20260825,20261231
1901031410,0,0,0,0,0,0,1,20260825,20261231
1901031445,0,0,0,0,0,0,1,20260825,20261231
1901031520,0,0,0,0,0,0,1,20260825,20261231
1901031555,0,0,0,0,0,0,1,20260825,20261231
1901031630,0,0,0,0,0,0,1,20260825,20261231
1901031705,0,0,0,0,0,0,1,20260825,20261231
1901031740,0,0,0,0,0,0,1,20260825,20261231
1901031815,0,0,0,0,0,0,1,20260825,20261231
1901031850,0,0,0,0,0,0,1,20260825,20261231
1901031925,0,0,0,0,0,0,1,20260825,20261231
1901032000,0,0,0,0,0,0,1,20260825,20261231
1901032035,0,0,0,0,0,0,1,20260825,20261231
1901032110,0,0,0,0,0,0,1,20260825,20261231
1901032145,0,0,0,0,0,0,1,20260825,20261231
1901032220,0,0,0,0,0,0,1,20260825,20261231
1902010625,1,1,1,1,1,0,0,20260825,20261231
1902010655,1,1,1,1,1,0,0,20260825,20261231
1902010725,1,1,1,1,1,0,0,20260825,20261231
1902010755,1,1,1,1,1,0,0,20260825,20261231
1902010840,1,1,1,1,1,0,0,20260825,20261231
1902010920,1,1,1,1,1,0,0,20260825,20261231
1902011000,1,1,1,1,1,0,0,20260825,20261231
1902011040,1,1,1,1,1,0,0,20260825,20261231
1902011120,1,1,1,1,1,0,0,20260825,20261231
1902011200,1,1,1,1,1,0,0,20260825,20261231
1902011240,1,1,1,1,1,0,0,20260825,20261231
1902011320,1,1,1,1,1,0,0,20260825,20261231
1902011400,1,1,1,1,1,0,0,20260825,20261231
1902011440,1,1,1,1,1,0,0,20260825,20261231
1902011520,1,1,1,1,1,0,0,20260825,20261231
1902011600,1,1,1,1,1,0,0,20260825,20261231
1902011640,1,1,1,1,1,0,0,20260825,20261231
1902011720,1,1,1,1,1,0,0,20260825,20261231
1902011800,1,1,1,1,1,0,0,20260825,20261231
1902011840,1,1,1,1,1,0,0,20260825,20261231
1902011920,1,1,1,1,1,0,0,20260825,20261231
1902012000,1,1,1,1,1,0,0,20260825,20261231
1902012040,1,1,1,1,1,0,0,20260825,20261231
1902012120,1,1,1,1,1,0,0,20260825,20261231
1902020750,0,0,0,0,0,1,0,20260825,20261231
1902020825,0,0,0,0,0,1,0,20260825,20261231
1902020900,0,0,0,0,0,1,0,20260825,20261231
1902020940,0,0,0,0,0,1,0,20260825,20261231
1902021018,0,0,0,0,0,1,0,20260825,20261231
1902021054,0,0,0,0,0,1,0,20260825,20261231
1902021130,0,0,0,0,0,1,0,20260825,20261231
1902021206,0,0,0,0,0,1,0,20260825,20261231
1902021242,0,0,0,0,0,1,0,20260825,20261231
1902021318,0,0,0,0,0,1,0,20260825,20261231
1902021354,0,0,0,0,0,1,0,20260825,20261231
1902021430,0,0,0,0,0,1,0,20260825,20261231
1902021506,0,0,0,0,0,1,0,20260825,20261231
1902021540,0,0,0,0,0,1,0,20260825,20261231
1902021610,0,0,0,0,0,1,0,20260825,20261231
1902021644,0,0,0,0,0,1,0,20260825,20261231
1902021722,0,0,0,0,0,1,0,20260825,20261231
1902021800,0,0,0,0,0,1,0,20260825,20261231
1902021838,0,0,0,0,0,1,0,20260825,20261231
1902021916,0,0,0,0,0,1,0,20260825,20261231
1902021954,0,0,0,0,0,1,0,20260825,20261231
1902022032,0,0,0,0,0,1,0,20260825,20261231
1902022110,0,0,0,0,0,1,0,20260825,20261231
1902022145,0,0,0,0,0,1,0,20260825,20261231
1902022220,0,0,0,0,0,1,0,20260825,20261231
1903010745,1,1,1,1,1,0,0,20260825,20261231
1903010820,1,1,1,1,1,0,0,20260825,20261231
1903010900,1,1,1,1,1,0,0,20260825,20261231
1903010940,1,1,1,1,1,0,0,20260825,20261231
1903011020,1,1,1,1,1,0,0,20260825,20261231
1903011100,1,1,1,1,1,0,0,20260825,20261231
1903011140,1,1,1,1,1,0,0,20260825,20261231
1903011220,1,1,1,1,1,0,0,20260825,20261231
1903011300,1,1,1,1,1,0,0,20260825,20261231
1903011340,1,1,1,1,1,0,0,20260825,20261231
1903011420,1,1,1,1,1,0,0,20260825,20261231
1903011500,1,1,1,1,1,0,0,20260825,20261231
1903011540,1,1,1,1,1,0,0,20260825,20261231
1903011620,1,1,1,1,1,0,0,20260825,20261231
1903011700,1,1,1,1,1,0,0,20260825,20261231
1903011740,1,1,1,1,1,0,0,20260825,20261231
1903011820,1,1,1,1,1,0,0,20260825,20261231
1903011900,1,1,1,1,1,0,0,20260825,20261231
1903011940,1,1,1,1,1,0,0,20260825,20261231
1903012020,1,1,1,1,1,0,0,20260825,20261231
1903012100,1,1,1,1,1,0,0,20260825,20261231
1903012140,1,1,1,1,1,0,0,20260825,20261231
1903012215,1,1,1,1,1,0,0,20260825,20261231
1903012250,1,1,1,1,1,0,0,20260825,20261231
1903021625,0,0,0,0,0,1,0,20260825,20261231
1903021703,0,0,0,0,0,1,0,20260825,20261231
1903021741,0,0,0,0,0,1,0,20260825,20261231
1903021819,0,0,0,0,0,1,0,20260825,20261231
1903021857,0,0,0,0,0,1,0,20260825,20261231
1903021935,0,0,0,0,0,1,0,20260825,20261231
1903022013,0,0,0,0,0,1,0,20260825,20261231
1903022051,0,0,0,0,0,1,0,20260825,20261231
1903022130,0,0,0,0,0,1,0,20260825,20261231
1903022210,0,0,0,0,0,1,0,20260825,20261231
1903022250,0,0,0,0,0,1,0,20260825,20261231
2000010640,1,1,1,1,1,0,0,20260825,20261231
2000010705,1,1,1,1,1,0,0,20260825,20261231
2000010742,1,1,1,1,1,0,0,20260825,20261231
2000010807,1,1,1,1,1,0,0,20260825,20261231
2000010848,1,1,1,1,1,0,0,20260825,20261231
2000010913,1,1,1,1,1,0,0,20260825,20261231
2000010954,1,1,1,1,1,0,0,20260825,20261231
2000011019,1,1,1,1,1,0,0,20260825,20261231
2000011100,1,1,1,1,1,0,0,20260825,20261231
2000011125,1,1,1,1,1,0,0,20260825,20261231
2000011206,1,1,1,1,1,0,0,20260825,20261231
2000011233,1,1,1,1,1,0,0,20260825,20261231
2000011316,1,1,1,1,1,0,0,20260825,20261231
2000011342,1,1,1,1,1,0,0,20260825,20261231
2000011425,1,1,1,1,1,0,0,20260825,20261231
2000011451,1,1,1,1,1,0,0,20260825,20261231
2000011534,1,1,1,1,1,0,0,20260825,20261231
2000011600,1,1,1,1,1,0,0,20260825,20261231
2000011643,1,1,1,1,1,0,0,20260825,20261231
2000011709,1,1,1,1,1,0,0,20260825,20261231
2000011752,1,1,1,1,1,0,0,20260825,20261231
2000011818,1,1,1,1,1,0,0,20260825,20261231
2000011901,1,1,1,1,1,0,0,20260825,20261231
2000011927,1,1,1,1,1,0,0,20260825,20261231
2000012010,1,1,1,1,1,0,0,20260825,20261231
2000012036,1,1,1,1,1,0,0,20260825,20261231
2000012119,1,1,1,1,1,0,0,20260825,20261231
2000012145,1,1,1,1,1,0,0,20260825,20261231
2000020700,0,0,0,0,0,1,0,20260825,20261231
2000020720,0,0,0,0,0,1,0,20260825,20261231
2000020745,0,0,0,0,0,1,0,20260825,20261231
2000020810,0,0,0,0,0,1,0,20260825,20261231
2000020845,0,0,0,0,0,1,0,20260825,20261231
2000020910,0,0,0,0,0,1,0,20260825,20261231
2000020945,0,0,0,0,0,1,0,20260825,20261231
2000021010,0,0,0,0,0,1,0,20260825,20261231
2000021045,0,0,0,0,0,1,0,20260825,20261231
2000021110,0,0,0,0,0,1,0,20260825,20261231
2000021145,0,0,0,0,0,1,0,20260825,20261231
2000021210,0,0,0,0,0,1,0,20260825,20261231
2000021245,0,0,0,0,0,1,0,20260825,20261231
2000021310,0,0,0,0,0,1,0,20260825,20261231
2000021345,0,0,0,0,0,1,0,20260825,20261231
2000021410,0,0,0,0,0,1,0,20260825,20261231
2000021445,0,0,0,0,0,1,0,20260825,20261231
2000021510,0,0,0,0,0,1,0,20260825,20261231
2000021545,0,0,0,0,0,1,0,20260825,20261231
2000021610,0,0,0,0,0,1,0,20260825,20261231
2000021645,0,0,0,0,0,1,0,20260825,20261231
2000021710,0,0,0,0,0,1,0,20260825,20261231
2000021745,0,0,0,0,0,1,0,20260825,20261231
2000021810,0,0,0,0,0,1,0,20260825,20261231
2000021845,0,0,0,0,0,1,0,20260825,20261231
2000021910,0,0,0,0,0,1,0,20260825,20261231
2000021945,0,0,0,0,0,1,0,20260825,20261231
2000022010,0,0,0,0,0,1,0,20260825,20261231
2000022045,0,0,0,0,0,1,0,20260825,20261231
2000022110,0,0,0,0,0,1,0,20260825,20261231
2000022145,0,0,0,0,0,1,0,20260825,20261231
2000022210,0,0,0,0,0,1,0,20260825,20261231
2000030757,0,0,0,0,0,0,1,20260825,20261231
2000030819,0,0,0,0,0,0,1,20260825,20261231
2000030845,0,0,0,0,0,0,1,20260825,20261231
2000030910,0,0,0,0,0,0,1,20260825,20261231
2000030945,0,0,0,0,0,0,1,20260825,20261231
2000031010,0,0,0,0,0,0,1,20260825,20261231
2000031045,0,0,0,0,0,0,1,20260825,20261231
2000031110,0,0,0,0,0,0,1,20260825,20261231
2000031145,0,0,0,0,0,0,1,20260825,20261231
2000031210,0,0,0,0,0,0,1,20260825,20261231
2000031245,0,0,0,0,0,0,1,20260825,20261231
2000031310,0,0,0,0,0,0,1,20260825,20261231
2000031345,0,0,0,0,0,0,1,20260825,20261231
2000031410,0,0,0,0,0,0,1,20260825,20261231
2000031445,0,0,0,0,0,0,1,20260825,20261231
2000031510,0,0,0,0,0,0,1,20260825,20261231
2000031545,0,0,0,0,0,0,1,20260825,20261231
2000031610,0,0,0,0,0,0,1,20260825,20261231
2000031645,0,0,0,0,0,0,1,20260825,20261231
2000031710,0,0,0,0,0,0,1,20260825,20261231
2000031745,0,0,0,0,0,0,1,20260825,20261231
2000031810,0,0,0,0,0,0,1,20260825,20261231
2000031845,0,0,0,0,0,0,1,20260825,20261231
2000031910,0,0,0,0,0,0,1,20260825,20261231
2000031945,0,0,0,0,0,0,1,20260825,20261231
2000032010,0,0,0,0,0,0,1,20260825,20261231
2000032045,0,0,0,0,0,0,1,20260825,20261231
2000032110,0,0,0,0,0,0,1,20260825,20261231
2000032145,0,0,0,0,0,0,1,20260825,20261231
2000032210,0,0,0,0,0,0,1,20260825,20261231
2000032245,0,0,0,0,0,0,1,20260825,20261231
2000032305,0,0,0,0,0,0,1,20260825,20261231
2001010700,1,1,1,1,1,0,0,20260825,20261231
2001010725,1,1,1,1,1,0,0,20260825,20261231
2001010804,1,1,1,1,1,0,0,20260825,20261231
2001010829,1,1,1,1,1,0,0,20260825,20261231
2001010910,1,1,1,1,1,0,0,20260825,20261231
2001010935,1,1,1,1,1,0,0,20260825,20261231
2001011016,1,1,1,1,1,0,0,20260825,20261231
2001011041,1,1,1,1,1,0,0,20260825,20261231
2001011122,1,1,1,1,1,0,0,20260825,20261231
2001011147,1,1,1,1,1,0,0,20260825,20261231
2001011229,1,1,1,1,1,0,0,20260825,20261231
2001011255,1,1,1,1,1,0,0,20260825,20261231
2001011339,1,1,1,1,1,0,0,20260825,20261231
2001011405,1,1,1,1,1,0,0,20260825,20261231
2001011448,1,1,1,1,1,0,0,20260825,20261231
2001011514,1,1,1,1,1,0,0,20260825,20261231
2001011557,1,1,1,1,1,0,0,20260825,20261231
2001011623,1,1,1,1,1,0,0,20260825,20261231
2001011706,1,1,1,1,1,0,0,20260825,20261231
2001011732,1,1,1,1,1,0,0,20260825,20261231
2001011815,1,1,1,1,1,0,0,20260825,20261231
2001011841,1,1,1,1,1,0,0,20260825,20261231
2001011924,1,1,1,1,1,0,0,20260825,20261231
2001011950,1,1,1,1,1,0,0,20260825,20261231
2001012033,1,1,1,1,1,0,0,20260825,20261231
2001012059,1,1,1,1,1,0,0,20260825,20261231
2001012142,1,1,1,1,1,0,0,20260825,20261231
2001012208,1,1,1,1,1,0,0,20260825,20261231
2001020720,0,0,0,0,0,1,0,20260825,20261231
2001020740,0,0,0,0,0,1,0,20260825,20261231
2001020815,0,0,0,0,0,1,0,20260825,20261231
2001020840,0,0,0,0,0,1,0,20260825,20261231
2001020915,0,0,0,0,0,1,0,20260825,20261231
2001020940,0,0,0,0,0,1,0,20260825,20261231
2001021015,0,0,0,0,0,1,0,20260825,20261231
2001021040,0,0,0,0,0,1,0,20260825,20261231
2001021115,0,0,0,0,0,1,0,20260825,20261231
2001021140,0,0,0,0,0,1,0,20260825,20261231
2001021215,0,0,0,0,0,1,0,20260825,20261231
2001021240,0,0,0,0,0,1,0,20260825,20261231
2001021315,0,0,0,0,0,1,0,20260825,20261231
2001021340,0,0,0,0,0,1,0,20260825,20261231
2001021415,0,0,0,0,0,1,0,20260825,20261231
2001021440,0,0,0,0,0,1,0,20260825,20261231
2001021515,0,0,0,0,0,1,0,20260825,20261231
2001021540,0,0,0,0,0,1,0,20260825,20261231
2001021615,0,0,0,0,0,1,0,20260825,20261231
2001021640,0,0,0,0,0,1,0,20260825,20261231
2001021715,0,0,0,0,0,1,0,20260825,20261231
2001021740,0,0,0,0,0,1,0,20260825,20261231
2001021815,0,0,0,0,0,1,0,20260825,20261231
2001021840,0,0,0,0,0,1,0,20260825,20261231
2001021915,0,0,0,0,0,1,0,20260825,20261231
2001021940,0,0,0,0,0,1,0,20260825,20261231
2001022015,0,0,0,0,0,1,0,20260825,20261231
2001022040,0,0,0,0,0,1,0,20260825,20261231
2001022115,0,0,0,0,0,1,0,20260825,20261231
2001022140,0,0,0,0,0,1,0,20260825,20261231
2001022215,0,0,0,0,0,1,0,20260825,20261231
2001022235,0,0,0,0,0,1,0,20260825,20261231
2001030735,0,0,0,0,0,0,1,20260825,20261231
2001030755,0,0,0,0,0,0,1,20260825,20261231
2001030821,0,0,0,0,0,0,1,20260825,20261231
2001030845,0,0,0,0,0,0,1,20260825,20261231
2001030915,0,0,0,0,0,0,1,20260825,20261231
2001030940,0,0,0,0,0,0,1,20260825,20261231
2001031015,0,0,0,0,0,0,1,20260825,20261231
2001031040,0,0,0,0,0,0,1,20260825,20261231
2001031115,0,0,0,0,0,0,1,20260825,20261231
2001031140,0,0,0,0,0,0,1,20260825,20261231
2001031215,0,0,0,0,0,0,1,20260825,20261231
2001031240,0,0,0,0,0,0,1,20260825,20261231
2001031315,0,0,0,0,0,0,1,20260825,20261231
2001031340,0,0,0,0,0,0,1,20260825,20261231
2001031415,0,0,0,0,0,0,1,20260825,20261231
2001031440,0,0,0,0,0,0,1,20260825,20261231
2001031515,0,0,0,0,0,0,1,20260825,20261231
2001031540,0,0,0,0,0,0,1,20260825,20261231
2001031615,0,0,0,0,0,0,1,20260825,20261231
2001031640,0,0,0,0,0,0,1,20260825,20261231
2001031715,0,0,0,0,0,0,1,20260825,20261231
2001031740,0,0,0,0,0,0,1,20260825,20261231
2001031815,0,0,0,0,0,0,1,20260825,20261231
2001031840,0,0,0,0,0,0,1,20260825,20261231
2001031915,0,0,0,0,0,0,1,20260825,20261231
2001031940,0,0,0,0,0,0,1,20260825,20261231
2001032015,0,0,0,0,0,0,1,20260825,20261231
2001032040,0,0,0,0,0,0,1,20260825,20261231
2001032115,0,0,0,0,0,0,1,20260825,20261231
2001032140,0,0,0,0,0,0,1,20260825,20261231
2001032215,0,0,0,0,0,0,1,20260825,20261231
2001032240,0,0,0,0,0,0,1,20260825,20261231
2002010720,1,1,1,1,1,0,0,20260825,20261231
2002010745,1,1,1,1,1,0,0,20260825,20261231
2002010826,1,1,1,1,1,0,0,20260825,20261231
2002010851,1,1,1,1,1,0,0,20260825,20261231
2002010932,1,1,1,1,1,0,0,20260825,20261231
2002010957,1,1,1,1,1,0,0,20260825,20261231
2002011038,1,1,1,1,1,0,0,20260825,20261231
2002011103,1,1,1,1,1,0,0,20260825,20261231
2002011144,1,1,1,1,1,0,0,20260825,20261231
2002011210,1,1,1,1,1,0,0,20260825,20261231
2002011253,1,1,1,1,1,0,0,20260825,20261231
2002011319,1,1,1,1,1,0,0,20260825,20261231
2002011402,1,1,1,1,1,0,0,20260825,20261231
2002011428,1,1,1,1,1,0,0,20260825,20261231
2002011511,1,1,1,1,1,0,0,20260825,20261231
2002011537,1,1,1,1,1,0,0,20260825,20261231
2002011620,1,1,1,1,1,0,0,20260825,20261231
2002011646,1,1,1,1,1,0,0,20260825,20261231
2002011729,1,1,1,1,1,0,0,20260825,20261231
2002011755,1,1,1,1,1,0,0,20260825,20261231
2002011838,1,1,1,1,1,0,0,20260825,20261231
2002011904,1,1,1,1,1,0,0,20260825,20261231
2002011947,1,1,1,1,1,0,0,20260825,20261231
2002012013,1,1,1,1,1,0,0,20260825,20261231
2002012056,1,1,1,1,1,0,0,20260825,20261231
2002012122,1,1,1,1,1,0,0,20260825,20261231
2002012205,1,1,1,1,1,0,0,20260825,20261231
2002012225,1,1,1,1,1,0,0,20260825,20261231
2100010800,1,1,1,1,1,0,0,20260825,20261231
2100010834,1,1,1,1,1,0,0,20260825,20261231
2100010908,1,1,1,1,1,0,0,20260825,20261231
2100010942,1,1,1,1,1,0,0,20260825,20261231
2100011016,1,1,1,1,1,0,0,20260825,20261231
2100011050,1,1,1,1,1,0,0,20260825,20261231
2100011124,1,1,1,1,1,0,0,20260825,20261231
2100011158,1,1,1,1,1,0,0,20260825,20261231
2100011232,1,1,1,1,1,0,0,20260825,20261231
2100011306,1,1,1,1,1,0,0,20260825,20261231
2100011340,1,1,1,1,1,0,0,20260825,20261231
2100011414,1,1,1,1,1,0,0,20260825,20261231
2100011448,1,1,1,1,1,0,0,20260825,20261231
2100011522,1,1,1,1,1,0,0,20260825,20261231
2100011556,1,1,1,1,1,0,0,20260825,20261231
2100011630,1,1,1,1,1,0,0,20260825,20261231
2100011704,1,1,1,1,1,0,0,20260825,20261231
2100011738,1,1,1,1,1,0,0,20260825,20261231
2100011812,1,1,1,1,1,0,0,20260825,20261231
2100011846,1,1,1,1,1,0,0,20260825,20261231
2100011920,1,1,1,1,1,0,0,20260825,20261231
2100011954,1,1,1,1,1,0,0,20260825,20261231
2100012028,1,1,1,1,1,0,0,20260825,20261231
2100012102,1,1,1,1,1,0,0,20260825,20261231
2100012136,1,1,1,1,1,0,0,20260825,20261231
2100012210,1,1,1,1,1,0,0,20260825,20261231
2100012245,1,1,1,1,1,0,0,20260825,20261231
2100012315,1,1,1,1,1,0,0,20260825,20261231
2100020735,0,0,0,0,0,1,0,20260825,20261231
2100020800,0,0,0,0,0,1,0,20260825,20261231
2100020830,0,0,0,0,0,1,0,20260825,20261231
2100020900,0,0,0,0,0,1,0,20260825,20261231
2100020933,0,0,0,0,0,1,0,20260825,20261231
2100021006,0,0,0,0,0,1,0,20260825,20261231
2100021039,0,0,0,0,0,1,0,20260825,20261231
2100021112,0,0,0,0,0,1,0,20260825,20261231
2100021145,0,0,0,0,0,1,0,20260825,20261231
2100021218,0,0,0,0,0,1,0,20260825,20261231
2100021251,0,0,0,0,0,1,0,20260825,20261231
2100021324,0,0,0,0,0,1,0,20260825,20261231
2100021357,0,0,0,0,0,1,0,20260825,20261231
2100021430,0,0,0,0,0,1,0,20260825,20261231
2100021503,0,0,0,0,0,1,0,20260825,20261231
2100021536,0,0,0,0,0,1,0,20260825,20261231
2100021609,0,0,0,0,0,1,0,20260825,20261231
2100021642,0,0,0,0,0,1,0,20260825,20261231
2100021715,0,0,0,0,0,1,0,20260825,20261231
2100021748,0,0,0,0,0,1,0,20260825,20261231
2100021821,0,0,0,0,0,1,0,20260825,20261231
2100021854,0,0,0,0,0,1,0,20260825,20261231
2100021927,0,0,0,0,0,1,0,20260825,20261231
2100022000,0,0,0,0,0,1,0,20260825,20261231
2100022033,0,0,0,0,0,1,0,20260825,20261231
2100022106,0,0,0,0,0,1,0,20260825,20261231
2100022139,0,0,0,0,0,1,0,20260825,20261231
2100022212,0,0,0,0,0,1,0,20260825,20261231
2100022245,0,0,0,0,0,1,0,20260825,20261231
2100030735,0,0,0,0,0,0,1,20260825,20261231
2100030800,0,0,0,0,0,0,1,20260825,20261231
2100030830,0,0,0,0,0,0,1,20260825,20261231
2100030900,0,0,0,0,0,0,1,20260825,20261231
2100030933,0,0,0,0,0,0,1,20260825,20261231
2100031006,0,0,0,0,0,0,1,20260825,20261231
2100031039,0,0,0,0,0,0,1,20260825,20261231
2100031112,0,0,0,0,0,0,1,20260825,20261231
2100031145,0,0,0,0,0,0,1,20260825,20261231
2100031218,0,0,0,0,0,0,1,20260825,20261231
2100031251,0,0,0,0,0,0,1,20260825,20261231
2100031324,0,0,0,0,0,0,1,20260825,20261231
2100031357,0,0,0,0,0,0,1,20260825,20261231
2100031430,0,0,0,0,0,0,1,20260825,20261231
2100031503,0,0,0,0,0,0,1,20260825,20261231
2100031536,0,0,0,0,0,0,1,20260825,20261231
2100031609,0,0,0,0,0,0,1,20260825,20261231
2100031642,0,0,0,0,0,0,1,20260825,20261231
2100031715,0,0,0,0,0,0,1,20260825,20261231
2100031748,0,0,0,0,0,0,1,20260825,20261231
2100031821,0,0,0,0,0,0,1,20260825,20261231
2100031854,0,0,0,0,0,0,1,20260825,20261231
2100031927,0,0,0,0,0,0,1,20260825,20261231
2100032000,0,0,0,0,0,0,1,20260825,20261231
2100032033,0,0,0,0,0,0,1,20260825,20261231
2100032106,0,0,0,0,0,0,1,20260825,20261231
2100032139,0,0,0,0,0,0,1,20260825,20261231
2100032212,0,0,0,0,0,0,1,20260825,20261231
2100032245,0,0,0,0,0,0,1,20260825,20261231
2101010740,1,1,1,1,1,0,0,20260825,20261231
2101010817,1,1,1,1,1,0,0,20260825,20261231
2101010851,1,1,1,1,1,0,0,20260825,20261231
2101010925,1,1,1,1,1,0,0,20260825,20261231
2101010959,1,1,1,1,1,0,0,20260825,20261231
2101011033,1,1,1,1,1,0,0,20260825,20261231
2101011107,1,1,1,1,1,0,0,20260825,20261231
2101011141,1,1,1,1,1,0,0,20260825,20261231
2101011215,1,1,1,1,1,0,0,20260825,20261231
2101011249,1,1,1,1,1,0,0,20260825,20261231
2101011323,1,1,1,1,1,0,0,20260825,20261231
2101011357,1,1,1,1,1,0,0,20260825,20261231
2101011431,1,1,1,1,1,0,0,20260825,20261231
2101011505,1,1,1,1,1,0,0,20260825,20261231
2101011539,1,1,1,1,1,0,0,20260825,20261231
2101011613,1,1,1,1,1,0,0,20260825,20261231
2101011647,1,1,1,1,1,0,0,20260825,20261231
2101011721,1,1,1,1,1,0,0,20260825,20261231
2101011755,1,1,1,1,1,0,0,20260825,20261231
2101011829,1,1,1,1,1,0,0,20260825,20261231
2101011903,1,1,1,1,1,0,0,20260825,20261231
2101011937,1,1,1,1,1,0,0,20260825,20261231
2101012011,1,1,1,1,1,0,0,20260825,20261231
2101012045,1,1,1,1,1,0,0,20260825,20261231
2101012119,1,1,1,1,1,0,0,20260825,20261231
2101012150,1,1,1,1,1,0,0,20260825,20261231
2101012225,1,1,1,1,1,0,0,20260825,20261231
2101020730,0,0,0,0,0,1,0,20260825,20261231
2101020800,0,0,0,0,0,1,0,20260825,20261231
2101020830,0,0,0,0,0,1,0,20260825,20261231
2101020900,0,0,0,0,0,1,0,20260825,20261231
2101020933,0,0,0,0,0,1,0,20260825,20261231
2101021006,0,0,0,0,0,1,0,20260825,20261231
2101021039,0,0,0,0,0,1,0,20260825,20261231
2101021112,0,0,0,0,0,1,0,20260825,20261231
2101021145,0,0,0,0,0,1,0,20260825,20261231
2101021218,0,0,0,0,0,1,0,20260825,20261231
2101021251,0,0,0,0,0,1,0,20260825,20261231
2101021324,0,0,0,0,0,1,0,20260825,20261231
2101021357,0,0,0,0,0,1,0,20260825,20261231
2101021430,0,0,0,0,0,1,0,20260825,20261231
2101021503,0,0,0,0,0,1,0,20260825,20261231
2101021536,0,0,0,0,0,1,0,20260825,20261231
2101021609,0,0,0,0,0,1,0,20260825,20261231
2101021642,0,0,0,0,0,1,0,20260825,20261231
2101021715,0,0,0,0,0,1,0,20260825,20261231
2101021748,0,0,0,0,0,1,0,20260825,20261231
2101021821,0,0,0,0,0,1,0,20260825,20261231
2101021854,0,0,0,0,0,1,0,20260825,20261231
2101021927,0,0,0,0,0,1,0,20260825,20261231
2101022000,0,0,0,0,0,1,0,20260825,20261231
2101022033,0,0,0,0,0,1,0,20260825,20261231
2101022106,0,0,0,0,0,1,0,20260825,20261231
2101022139,0,0,0,0,0,1,0,20260825,20261231
2101022210,0,0,0,0,0,1,0,20260825,20261231
2101030730,0,0,0,0,0,0,1,20260825,20261231
2101030800,0,0,0,0,0,0,1,20260825,20261231
2101030830,0,0,0,0,0,0,1,20260825,20261231
2101030900,0,0,0,0,0,0,1,20260825,20261231
2101030933,0,0,0,0,0,0,1,20260825,20261231
2101031006,0,0,0,0,0,0,1,20260825,20261231
2101031039,0,0,0,0,0,0,1,20260825,20261231
2101031112,0,0,0,0,0,0,1,20260825,20261231
2101031145,0,0,0,0,0,0,1,20260825,20261231
2101031218,0,0,0,0,0,0,1,20260825,20261231
2101031251,0,0,0,0,0,0,1,20260825,20261231
2101031324,0,0,0,0,0,0,1,20260825,20261231
2101031357,0,0,0,0,0,0,1,20260825,20261231
2101031430,0,0,0,0,0,0,1,20260825,20261231
2101031503,0,0,0,0,0,0,1,20260825,20261231
2101031536,0,0,0,0,0,0,1,20260825,20261231
2101031609,0,0,0,0,0,0,1,20260825,20261231
2101031642,0,0,0,0,0,0,1,20260825,20261231
2101031715,0,0,0,0,0,0,1,20260825,20261231
2101031748,0,0,0,0,0,0,1,20260825,20261231
2101031821,0,0,0,0,0,0,1,20260825,20261231
2101031854,0,0,0,0,0,0,1,20260825,20261231
2101031927,0,0,0,0,0,0,1,20260825,20261231
2101032000,0,0,0,0,0,0,1,20260825,20261231
2101032033,0,0,0,0,0,0,1,20260825,20261231
2101032106,0,0,0,0,0,0,1,20260825,20261231
2101032139,0,0,0,0,0,0,1,20260825,20261231
2101032210,0,0,0,0,0,0,1,20260825,20261231
2102010705,1,1,1,1,1,0,0,20260825,20261231
2102010730,1,1,1,1,1,0,0,20260825,20261231
2102010800,1,1,1,1,1,0,0,20260825,20261231
2102010834,1,1,1,1,1,0,0,20260825,20261231
2102010908,1,1,1,1,1,0,0,20260825,20261231
2102010942,1,1,1,1,1,0,0,20260825,20261231
2102011016,1,1,1,1,1,0,0,20260825,20261231
2102011050,1,1,1,1,1,0,0,20260825,20261231
2102011124,1,1,1,1,1,0,0,20260825,20261231
2102011158,1,1,1,1,1,0,0,20260825,20261231
2102011232,1,1,1,1,1,0,0,20260825,20261231
2102011306,1,1,1,1,1,0,0,20260825,20261231
2102011340,1,1,1,1,1,0,0,20260825,20261231
2102011414,1,1,1,1,1,0,0,20260825,20261231
2102011448,1,1,1,1,1,0,0,20260825,20261231
2102011522,1,1,1,1,1,0,0,20260825,20261231
2102011556,1,1,1,1,1,0,0,20260825,20261231
2102011630,1,1,1,1,1,0,0,20260825,20261231
2102011704,1,1,1,1,1,0,0,20260825,20261231
2102011738,1,1,1,1,1,0,0,20260825,20261231
2102011812,1,1,1,1,1,0,0,20260825,20261231
2102011846,1,1,1,1,1,0,0,20260825,20261231
2102011920,1,1,1,1,1,0,0,20260825,20261231
2102011954,1,1,1,1,1,0,0,20260825,20261231
2102012028,1,1,1,1,1,0,0,20260825,20261231
2102012102,1,1,1,1,1,0,0,20260825,20261231
2102012136,1,1,1,1,1,0,0,20260825,20261231
2102012205,1,1,1,1,1,0,0,20260825,20261231
2103010720,1,1,1,1,1,0,0,20260825,20261231
2103010745,1,1,1,1,1,0,0,20260825,20261231
2103010818,1,1,1,1,1,0,0,20260825,20261231
2103010851,1,1,1,1,1,0,0,20260825,20261231
2103010925,1,1,1,1,1,0,0,20260825,20261231
2103010959,1,1,1,1,1,0,0,20260825,20261231
2103011033,1,1,1,1,1,0,0,20260825,20261231
2103011107,1,1,1,1,1,0,0,20260825,20261231
2103011141,1,1,1,1,1,0,0,20260825,20261231
2103011215,1,1,1,1,1,0,0,20260825,20261231
2103011249,1,1,1,1,1,0,0,20260825,20261231
2103011323,1,1,1,1,1,0,0,20260825,20261231
2103011357,1,1,1,1,1,0,0,20260825,20261231
2103011431,1,1,1,1,1,0,0,20260825,20261231
2103011505,1,1,1,1,1,0,0,20260825,20261231
2103011539,1,1,1,1,1,0,0,20260825,20261231
2103011613,1,1,1,1,1,0,0,20260825,20261231
2103011647,1,1,1,1,1,0,0,20260825,20261231
2103011721,1,1,1,1,1,0,0,20260825,20261231
2103011755,1,1,1,1,1,0,0,20260825,20261231
2103011829,1,1,1,1,1,0,0,20260825,20261231
2103011903,1,1,1,1,1,0,0,20260825,20261231
2103011937,1,1,1,1,1,0,0,20260825,20261231
2103012011,1,1,1,1,1,0,0,20260825,20261231
2103012045,1,1,1,1,1,0,0,20260825,20261231
2103012119,1,1,1,1,1,0,0,20260825,20261231
2103012153,1,1,1,1,1,0,0,20260825,20261231
2103012220,1,1,1,1,1,0,0,20260825,20261231
2200010630,1,1,1,1,1,0,0,20260825,20261231
2200010655,1,1,1,1,1,0,0,20260825,20261231
2200010720,1,1,1,1,1,0,0,20260825,20261231
2200010753,1,1,1,1,1,0,0,20260825,20261231
2200010826,1,1,1,1,1,0,0,20260825,20261231
2200010901,1,1,1,1,1,0,0,20260825,20261231
2200010935,1,1,1,1,1,0,0,20260825,20261231
2200011010,1,1,1,1,1,0,0,20260825,20261231
2200011044,1,1,1,1,1,0,0,20260825,20261231
2200011119,1,1,1,1,1,0,0,20260825,20261231
2200011153,1,1,1,1,1,0,0,20260825,20261231
2200011228,1,1,1,1,1,0,0,20260825,20261231
2200011302,1,1,1,1,1,0,0,20260825,20261231
2200011337,1,1,1,1,1,0,0,20260825,20261231
2200011411,1,1,1,1,1,0,0,20260825,20261231
2200011446,1,1,1,1,1,0,0,20260825,20261231
2200011520,1,1,1,1,1,0,0,20260825,20261231
2200011555,1,1,1,1,1,0,0,20260825,20261231
2200011629,1,1,1,1,1,0,0,20260825,20261231
2200011704,1,1,1,1,1,0,0,20260825,20261231
2200011738,1,1,1,1,1,0,0,20260825,20261231
2200011813,1,1,1,1,1,0,0,20260825,20261231
2200011847,1,1,1,1,1,0,0,20260825,20261231
2200011922,1,1,1,1,1,0,0,20260825,20261231
2200011956,1,1,1,1,1,0,0,20260825,20261231
2200012031,1,1,1,1,1,0,0,20260825,20261231
2200012105,1,1,1,1,1,0,0,20260825,20261231
2200012140,1,1,1,1,1,0,0,20260825,20261231
2200020650,0,0,0,0,0,1,0,20260825,20261231
2200020712,0,0,0,0,0,1,0,20260825,20261231
2200020734,0,0,0,0,0,1,0,20260825,20261231
2200020800,0,0,0,0,0,1,0,20260825,20261231
2200020830,0,0,0,0,0,1,0,20260825,20261231
2200020900,0,0,0,0,0,1,0,20260825,20261231
2200020930,0,0,0,0,0,1,0,20260825,20261231
2200021000,0,0,0,0,0,1,0,20260825,20261231
2200021030,0,0,0,0,0,1,0,20260825,20261231
2200021100,0,0,0,0,0,1,0,20260825,20261231
2200021130,0,0,0,0,0,1,0,20260825,20261231
2200021200,0,0,0,0,0,1,0,20260825,20261231
2200021230,0,0,0,0,0,1,0,20260825,20261231
2200021300,0,0,0,0,0,1,0,20260825,20261231
2200021330,0,0,0,0,0,1,0,20260825,20261231
2200021400,0,0,0,0,0,1,0,20260825,20261231
2200021430,0,0,0,0,0,1,0,20260825,20261231
2200021500,0,0,0,0,0,1,0,20260825,20261231
2200021530,0,0,0,0,0,1,0,20260825,20261231
2200021600,0,0,0,0,0,1,0,20260825,20261231
2200021630,0,0,0,0,0,1,0,20260825,20261231
2200021700,0,0,0,0,0,1,0,20260825,20261231
2200021730,0,0,0,0,0,1,0,20260825,20261231
2200021800,0,0,0,0,0,1,0,20260825,20261231
2200021830,0,0,0,0,0,1,0,20260825,20261231
2200021900,0,0,0,0,0,1,0,20260825,20261231
2200021930,0,0,0,0,0,1,0,20260825,20261231
2200022000,0,0,0,0,0,1,0,20260825,20261231
2200022030,0,0,0,0,0,1,0,20260825,20261231
2200022100,0,0,0,0,0,1,0,20260825,20261231
2200022130,0,0,0,0,0,1,0,20260825,20261231
2200022200,0,0,0,0,0,1,0,20260825,20261231
2200030725,0,0,0,0,0,0,1,20260825,20261231
2200030750,0,0,0,0,0,0,1,20260825,20261231
2200030809,0,0,0,0,0,0,1,20260825,20261231
2200030835,0,0,0,0,0,0,1,20260825,20261231
2200030857,0,0,0,0,0,0,1,20260825,20261231
2200030923,0,0,0,0,0,0,1,20260825,20261231
2200030945,0,0,0,0,0,0,1,20260825,20261231
2200031010,0,0,0,0,0,0,1,20260825,20261231
2200031033,0,0,0,0,0,0,1,20260825,20261231
2200031100,0,0,0,0,0,0,1,20260825,20261231
2200031130,0,0,0,0,0,0,1,20260825,20261231
2200031200,0,0,0,0,0,0,1,20260825,20261231
2200031230,0,0,0,0,0,0,1,20260825,20261231
2200031300,0,0,0,0,0,0,1,20260825,20261231
2200031330,0,0,0,0,0,0,1,20260825,20261231
2200031400,0,0,0,0,0,0,1,20260825,20261231
2200031430,0,0,0,0,0,0,1,20260825,20261231
2200031500,0,0,0,0,0,0,1,20260825,20261231
2200031530,0,0,0,0,0,0,1,20260825,20261231
2200031600,0,0,0,0,0,0,1,20260825,20261231
2200031630,0,0,0,0,0,0,1,20260825,20261231
2200031700,0,0,0,0,0,0,1,20260825,20261231
2200031730,0,0,0,0,0,0,1,20260825,20261231
2200031800,0,0,0,0,0,0,1,20260825,20261231
2200031830,0,0,0,0,0,0,1,20260825,20261231
2200031900,0,0,0,0,0,0,1,20260825,20261231
2200031930,0,0,0,0,0,0,1,20260825,20261231
2200032000,0,0,0,0,0,0,1,20260825,20261231
2200032030,0,0,0,0,0,0,1,20260825,20261231
2200032100,0,0,0,0,0,0,1,20260825,20261231
2200032130,0,0,0,0,0,0,1,20260825,20261231
2200032200,0,0,0,0,0,0,1,20260825,20261231
2200032230,0,0,0,0,0,0,1,20260825,20261231
2200032255,0,0,0,0,0,0,1,20260825,20261231
2201010650,1,1,1,1,1,0,0,20260825,20261231
2201010715,1,1,1,1,1,0,0,20260825,20261231
2201010741,1,1,1,1,1,0,0,20260825,20261231
2201010815,1,1,1,1,1,0,0,20260825,20261231
2201010849,1,1,1,1,1,0,0,20260825,20261231
2201010924,1,1,1,1,1,0,0,20260825,20261231
2201010958,1,1,1,1,1,0,0,20260825,20261231
2201011033,1,1,1,1,1,0,0,20260825,20261231
2201011107,1,1,1,1,1,0,0,20260825,20261231
2201011142,1,1,1,1,1,0,0,20260825,20261231
2201011216,1,1,1,1,1,0,0,20260825,20261231
2201011251,1,1,1,1,1,0,0,20260825,20261231
2201011325,1,1,1,1,1,0,0,20260825,20261231
2201011400,1,1,1,1,1,0,0,20260825,20261231
2201011434,1,1,1,1,1,0,0,20260825,20261231
2201011509,1,1,1,1,1,0,0,20260825,20261231
2201011543,1,1,1,1,1,0,0,20260825,20261231
2201011618,1,1,1,1,1,0,0,20260825,20261231
2201011652,1,1,1,1,1,0,0,20260825,20261231
2201011727,1,1,1,1,1,0,0,20260825,20261231
2201011801,1,1,1,1,1,0,0,20260825,20261231
2201011836,1,1,1,1,1,0,0,20260825,20261231
2201011910,1,1,1,1,1,0,0,20260825,20261231
2201011945,1,1,1,1,1,0,0,20260825,20261231
2201012019,1,1,1,1,1,0,0,20260825,20261231
2201012054,1,1,1,1,1,0,0,20260825,20261231
2201012128,1,1,1,1,1,0,0,20260825,20261231
2201012203,1,1,1,1,1,0,0,20260825,20261231
2201020710,0,0,0,0,0,1,0,20260825,20261231
2201020734,0,0,0,0,0,1,0,20260825,20261231
2201020800,0,0,0,0,0,1,0,20260825,20261231
2201020830,0,0,0,0,0,1,0,20260825,20261231
2201020900,0,0,0,0,0,1,0,20260825,20261231
2201020930,0,0,0,0,0,1,0,20260825,20261231
2201021000,0,0,0,0,0,1,0,20260825,20261231
2201021030,0,0,0,0,0,1,0,20260825,20261231
2201021100,0,0,0,0,0,1,0,20260825,20261231
2201021130,0,0,0,0,0,1,0,20260825,20261231
2201021200,0,0,0,0,0,1,0,20260825,20261231
2201021230,0,0,0,0,0,1,0,20260825,20261231
2201021300,0,0,0,0,0,1,0,20260825,20261231
2201021330,0,0,0,0,0,1,0,20260825,20261231
2201021400,0,0,0,0,0,1,0,20260825,20261231
2201021430,0,0,0,0,0,1,0,20260825,20261231
2201021500,0,0,0,0,0,1,0,20260825,20261231
2201021525,0,0,0,0,0,1,0,20260825,20261231
2201021550,0,0,0,0,0,1,0,20260825,20261231
2201021620,0,0,0,0,0,1,0,20260825,20261231
2201021650,0,0,0,0,0,1,0,20260825,20261231
2201021720,0,0,0,0,0,1,0,20260825,20261231
2201021750,0,0,0,0,0,1,0,20260825,20261231
2201021820,0,0,0,0,0,1,0,20260825,20261231
2201021850,0,0,0,0,0,1,0,20260825,20261231
2201021920,0,0,0,0,0,1,0,20260825,20261231
2201021950,0,0,0,0,0,1,0,20260825,20261231
2201022020,0,0,0,0,0,1,0,20260825,20261231
2201022050,0,0,0,0,0,1,0,20260825,20261231
2201022120,0,0,0,0,0,1,0,20260825,20261231
2201022150,0,0,0,0,0,1,0,20260825,20261231
2201022220,0,0,0,0,0,1,0,20260825,20261231
2201030745,0,0,0,0,0,0,1,20260825,20261231
2201030810,0,0,0,0,0,0,1,20260825,20261231
2201030833,0,0,0,0,0,0,1,20260825,20261231
2201030859,0,0,0,0,0,0,1,20260825,20261231
2201030921,0,0,0,0,0,0,1,20260825,20261231
2201030947,0,0,0,0,0,0,1,20260825,20261231
2201031009,0,0,0,0,0,0,1,20260825,20261231
2201031035,0,0,0,0,0,0,1,20260825,20261231
2201031100,0,0,0,0,0,0,1,20260825,20261231
2201031130,0,0,0,0,0,0,1,20260825,20261231
2201031200,0,0,0,0,0,0,1,20260825,20261231
2201031230,0,0,0,0,0,0,1,20260825,20261231
2201031300,0,0,0,0,0,0,1,20260825,20261231
2201031330,0,0,0,0,0,0,1,20260825,20261231
2201031400,0,0,0,0,0,0,1,20260825,20261231
2201031430,0,0,0,0,0,0,1,20260825,20261231
2201031500,0,0,0,0,0,0,1,20260825,20261231
2201031530,0,0,0,0,0,0,1,20260825,20261231
2201031600,0,0,0,0,0,0,1,20260825,20261231
2201031630,0,0,0,0,0,0,1,20260825,20261231
2201031700,0,0,0,0,0,0,1,20260825,20261231
2201031730,0,0,0,0,0,0,1,20260825,20261231
2201031800,0,0,0,0,0,0,1,20260825,20261231
2201031830,0,0,0,0,0,0,1,20260825,20261231
2201031900,0,0,0,0,0,0,1,20260825,20261231
2201031930,0,0,0,0,0,0,1,20260825,20261231
2201032000,0,0,0,0,0,0,1,20260825,20261231
2201032030,0,0,0,0,0,0,1,20260825,20261231
2201032100,0,0,0,0,0,0,1,20260825,20261231
2201032130,0,0,0,0,0,0,1,20260825,20261231
2201032200,0,0,0,0,0,0,1,20260825,20261231
2201032230,0,0,0,0,0,0,1,20260825,20261231
2201032250,0,0,0,0,0,0,1,20260825,20261231
2201032312,0,0,0,0,0,0,1,20260825,20261231
2202010803,1,1,1,1,1,0,0,20260825,20261231
2202010838,1,1,1,1,1,0,0,20260825,20261231
2202010912,1,1,1,1,1,0,0,20260825,20261231
2202010947,1,1,1,1,1,0,0,20260825,20261231
2202011021,1,1,1,1,1,0,0,20260825,20261231
2202011056,1,1,1,1,1,0,0,20260825,20261231
2202011130,1,1,1,1,1,0,0,20260825,20261231
2202011205,1,1,1,1,1,0,0,20260825,20261231
2202011239,1,1,1,1,1,0,0,20260825,20261231
2202011314,1,1,1,1,1,0,0,20260825,20261231
2202011348,1,1,1,1,1,0,0,20260825,20261231
2202011423,1,1,1,1,1,0,0,20260825,20261231
2202011457,1,1,1,1,1,0,0,20260825,20261231
2202011532,1,1,1,1,1,0,0,20260825,20261231
2202011606,1,1,1,1,1,0,0,20260825,20261231
2202011641,1,1,1,1,1,0,0,20260825,20261231
2202011715,1,1,1,1,1,0,0,20260825,20261231
2202011750,1,1,1,1,1,0,0,20260825,20261231
2202011824,1,1,1,1,1,0,0,20260825,20261231
2202011859,1,1,1,1,1,0,0,20260825,20261231
2202011933,1,1,1,1,1,0,0,20260825,20261231
2202012008,1,1,1,1,1,0,0,20260825,20261231
2202012042,1,1,1,1,1,0,0,20260825,20261231
2202012117,1,1,1,1,1,0,0,20260825,20261231
2202012151,1,1,1,1,1,0,0,20260825,20261231
2202012226,1,1,1,1,1,0,0,20260825,20261231
2202012300,1,1,1,1,1,0,0,20260825,20261231
2202012325,1,1,1,1,1,0,0,20260825,20261231
2202021610,0,0,0,0,0,1,0,20260825,20261231
2202021640,0,0,0,0,0,1,0,20260825,20261231
2202021710,0,0,0,0,0,1,0,20260825,20261231
2202021740,0,0,0,0,0,1,0,20260825,20261231
2202021810,0,0,0,0,0,1,0,20260825,20261231
2202021840,0,0,0,0,0,1,0,20260825,20261231
2202021910,0,0,0,0,0,1,0,20260825,20261231
2202021940,0,0,0,0,0,1,0,20260825,20261231
2202022010,0,0,0,0,0,1,0,20260825,20261231
2202022040,0,0,0,0,0,1,0,20260825,20261231
2202022110,0,0,0,0,0,1,0,20260825,20261231
2202022140,0,0,0,0,0,1,0,20260825,20261231
2202022210,0,0,0,0,0,1,0,20260825,20261231
2202022235,0,0,0,0,0,1,0,20260825,20261231
2202022300,0,0,0,0,0,1,0,20260825,20261231
2202022325,0,0,0,0,0,1,0,20260825,20261231
2300010705,1,1,1,1,1,0,0,20260825,20261231
2300010735,1,1,1,1,1,0,0,20260825,20261231
2300010810,1,1,1,1,1,0,0,20260825,20261231
2300010850,1,1,1,1,1,0,0,20260825,20261231
2300010925,1,1,1,1,1,0,0,20260825,20261231
2300011005,1,1,1,1,1,0,0,20260825,20261231
2300011040,1,1,1,1,1,0,0,20260825,20261231
2300011120,1,1,1,1,1,0,0,20260825,20261231
2300011155,1,1,1,1,1,0,0,20260825,20261231
2300011235,1,1,1,1,1,0,0,20260825,20261231
2300011310,1,1,1,1,1,0,0,20260825,20261231
2300011350,1,1,1,1,1,0,0,20260825,20261231
2300011425,1,1,1,1,1,0,0,20260825,20261231
2300011505,1,1,1,1,1,0,0,20260825,20261231
2300011540,1,1,1,1,1,0,0,20260825,20261231
2300011620,1,1,1,1,1,0,0,20260825,20261231
2300011655,1,1,1,1,1,0,0,20260825,20261231
2300011735,1,1,1,1,1,0,0,20260825,20261231
2300011810,1,1,1,1,1,0,0,20260825,20261231
2300011850,1,1,1,1,1,0,0,20260825,20261231
2300011925,1,1,1,1,1,0,0,20260825,20261231
2300012005,1,1,1,1,1,0,0,20260825,20261231
2300012040,1,1,1,1,1,0,0,20260825,20261231
2300012120,1,1,1,1,1,0,0,20260825,20261231
2300012155,1,1,1,1,1,0,0,20260825,20261231
2300020705,0,0,0,0,0,1,0,20260825,20261231
2300020735,0,0,0,0,0,1,0,20260825,20261231
2300020810,0,0,0,0,0,1,0,20260825,20261231
2300020850,0,0,0,0,0,1,0,20260825,20261231
2300020925,0,0,0,0,0,1,0,20260825,20261231
2300021005,0,0,0,0,0,1,0,20260825,20261231
2300021040,0,0,0,0,0,1,0,20260825,20261231
2300021120,0,0,0,0,0,1,0,20260825,20261231
2300021155,0,0,0,0,0,1,0,20260825,20261231
2300021235,0,0,0,0,0,1,0,20260825,20261231
2300021310,0,0,0,0,0,1,0,20260825,20261231
2300021350,0,0,0,0,0,1,0,20260825,20261231
2300021425,0,0,0,0,0,1,0,20260825,20261231
2300021505,0,0,0,0,0,1,0,20260825,20261231
2300021540,0,0,0,0,0,1,0,20260825,20261231
2300021620,0,0,0,0,0,1,0,20260825,20261231
2300021655,0,0,0,0,0,1,0,20260825,20261231
2300021735,0,0,0,0,0,1,0,20260825,20261231
2300021810,0,0,0,0,0,1,0,20260825,20261231
2300021850,0,0,0,0,0,1,0,20260825,20261231
2300021925,0,0,0,0,0,1,0,20260825,20261231
2300022005,0,0,0,0,0,1,0,20260825,20261231
2300022040,0,0,0,0,0,1,0,20260825,20261231
2300022120,0,0,0,0,0,1,0,20260825,20261231
2300022155,0,0,0,0,0,1,0,20260825,20261231
2300030705,0,0,0,0,0,0,1,20260825,20261231
2300030735,0,0,0,0,0,0,1,20260825,20261231
2300030810,0,0,0,0,0,0,1,20260825,20261231
2300030850,0,0,0,0,0,0,1,20260825,20261231
2300030925,0,0,0,0,0,0,1,20260825,20261231
2300031005,0,0,0,0,0,0,1,20260825,20261231
2300031040,0,0,0,0,0,0,1,20260825,20261231
2300031120,0,0,0,0,0,0,1,20260825,20261231
2300031155,0,0,0,0,0,0,1,20260825,20261231
2300031235,0,0,0,0,0,0,1,20260825,20261231
2300031310,0,0,0,0,0,0,1,20260825,20261231
2300031350,0,0,0,0,0,0,1,20260825,20261231
2300031425,0,0,0,0,0,0,1,20260825,20261231
2300031505,0,0,0,0,0,0,1,20260825,20261231
2300031540,0,0,0,0,0,0,1,20260825,20261231
2300031620,0,0,0,0,0,0,1,20260825,20261231
2300031655,0,0,0,0,0,0,1,20260825,20261231
2300031735,0,0,0,0,0,0,1,20260825,20261231
2300031810,0,0,0,0,0,0,1,20260825,20261231
2300031850,0,0,0,0,0,0,1,20260825,20261231
2300031925,0,0,0,0,0,0,1,20260825,20261231
2300032005,0,0,0,0,0,0,1,20260825,20261231
2300032040,0,0,0,0,0,0,1,20260825,20261231
2300032120,0,0,0,0,0,0,1,20260825,20261231
2300032155,0,0,0,0,0,0,1,20260825,20261231
2301010700,1,1,1,1,1,0,0,20260825,20261231
2301010730,1,1,1,1,1,0,0,20260825,20261231
2301010810,1,1,1,1,1,0,0,20260825,20261231
2301010845,1,1,1,1,1,0,0,20260825,20261231
2301010925,1,1,1,1,1,0,0,20260825,20261231
2301011000,1,1,1,1,1,0,0,20260825,20261231
2301011040,1,1,1,1,1,0,0,20260825,20261231
2301011115,1,1,1,1,1,0,0,20260825,20261231
2301011155,1,1,1,1,1,0,0,20260825,20261231
2301011230,1,1,1,1,1,0,0,20260825,20261231
2301011310,1,1,1,1,1,0,0,20260825,20261231
2301011345,1,1,1,1,1,0,0,20260825,20261231
2301011425,1,1,1,1,1,0,0,20260825,20261231
2301011500,1,1,1,1,1,0,0,20260825,20261231
2301011540,1,1,1,1,1,0,0,20260825,20261231
2301011615,1,1,1,1,1,0,0,20260825,20261231
2301011655,1,1,1,1,1,0,0,20260825,20261231
2301011730,1,1,1,1,1,0,0,20260825,20261231
2301011810,1,1,1,1,1,0,0,20260825,20261231
2301011845,1,1,1,1,1,0,0,20260825,20261231
2301011925,1,1,1,1,1,0,0,20260825,20261231
2301012000,1,1,1,1,1,0,0,20260825,20261231
2301012040,1,1,1,1,1,0,0,20260825,20261231
2301012115,1,1,1,1,1,0,0,20260825,20261231
2301012155,1,1,1,1,1,0,0,20260825,20261231
2301012230,1,1,1,1,1,0,0,20260825,20261231
2301020700,0,0,0,0,0,1,0,20260825,20261231
2301020730,0,0,0,0,0,1,0,20260825,20261231
2301020810,0,0,0,0,0,1,0,20260825,20261231
2301020845,0,0,0,0,0,1,0,20260825,20261231
2301020925,0,0,0,0,0,1,0,20260825,20261231
2301021000,0,0,0,0,0,1,0,20260825,20261231
2301021040,0,0,0,0,0,1,0,20260825,20261231
2301021115,0,0,0,0,0,1,0,20260825,20261231
2301021155,0,0,0,0,0,1,0,20260825,20261231
2301021230,0,0,0,0,0,1,0,20260825,20261231
2301021310,0,0,0,0,0,1,0,20260825,20261231
2301021345,0,0,0,0,0,1,0,20260825,20261231
2301021425,0,0,0,0,0,1,0,20260825,20261231
2301021500,0,0,0,0,0,1,0,20260825,20261231
2301021540,0,0,0,0,0,1,0,20260825,20261231
2301021615,0,0,0,0,0,1,0,20260825,20261231
2301021655,0,0,0,0,0,1,0,20260825,20261231
2301021730,0,0,0,0,0,1,0,20260825,20261231
2301021810,0,0,0,0,0,1,0,20260825,20261231
2301021845,0,0,0,0,0,1,0,20260825,20261231
2301021925,0,0,0,0,0,1,0,20260825,20261231
2301022000,0,0,0,0,0,1,0,20260825,20261231
2301022040,0,0,0,0,0,1,0,20260825,20261231
2301022115,0,0,0,0,0,1,0,20260825,20261231
2301022155,0,0,0,0,0,1,0,20260825,20261231
2301022230,0,0,0,0,0,1,0,20260825,20261231
2301030700,0,0,0,0,0,0,1,20260825,20261231
2301030730,0,0,0,0,0,0,1,20260825,20261231
2301030810,0,0,0,0,0,0,1,20260825,20261231
2301030845,0,0,0,0,0,0,1,20260825,20261231
2301030925,0,0,0,0,0,0,1,20260825,20261231
2301031000,0,0,0,0,0,0,1,20260825,20261231
2301031040,0,0,0,0,0,0,1,20260825,20261231
2301031115,0,0,0,0,0,0,1,20260825,20261231
2301031155,0,0,0,0,0,0,1,20260825,20261231
2301031230,0,0,0,0,0,0,1,20260825,20261231
2301031310,0,0,0,0,0,0,1,20260825,20261231
2301031345,0,0,0,0,0,0,1,20260825,20261231
2301031425,0,0,0,0,0,0,1,20260825,20261231
2301031500,0,0,0,0,0,0,1,20260825,20261231
2301031540,0,0,0,0,0,0,1,20260825,20261231
2301031615,0,0,0,0,0,0,1,20260825,20261231
2301031655,0,0,0,0,0,0,1,20260825,20261231
2301031730,0,0,0,0,0,0,1,20260825,20261231
2301031810,0,0,0,0,0,0,1,20260825,20261231
2301031845,0,0,0,0,0,0,1,20260825,20261231
2301031925,0,0,0,0,0,0,1,20260825,20261231
2301032000,0,0,0,0,0,0,1,20260825,20261231
2301032040,0,0,0,0,0,0,1,20260825,20261231
2301032115,0,0,0,0,0,0,1,20260825,20261231
2301032155,0,0,0,0,0,0,1,20260825,20261231
2301032230,0,0,0,0,0,0,1,20260825,20261231
2400010705,1,1,1,1,1,0,0,20260825,20261231
2400010725,1,1,1,1,1,0,0,20260825,20261231
2400010800,1,1,1,1,1,0,0,20260825,20261231
2400010825,1,1,1,1,1,0,0,20260825,20261231
2400010900,1,1,1,1,1,0,0,20260825,20261231
2400010930,1,1,1,1,1,0,0,20260825,20261231
2400011000,1,1,1,1,1,0,0,20260825,20261231
2400011030,1,1,1,1,1,0,0,20260825,20261231
2400011100,1,1,1,1,1,0,0,20260825,20261231
2400011130,1,1,1,1,1,0,0,20260825,20261231
2400011200,1,1,1,1,1,0,0,20260825,20261231
2400011230,1,1,1,1,1,0,0,20260825,20261231
2400011300,1,1,1,1,1,0,0,20260825,20261231
2400011330,1,1,1,1,1,0,0,20260825,20261231
2400011400,1,1,1,1,1,0,0,20260825,20261231
2400011425,1,1,1,1,1,0,0,20260825,20261231
2400011500,1,1,1,1,1,0,0,20260825,20261231
2400011525,1,1,1,1,1,0,0,20260825,20261231
2400011600,1,1,1,1,1,0,0,20260825,20261231
2400011630,1,1,1,1,1,0,0,20260825,20261231
2400011700,1,1,1,1,1,0,0,20260825,20261231
2400011730,1,1,1,1,1,0,0,20260825,20261231
2400011800,1,1,1,1,1,0,0,20260825,20261231
2400011830,1,1,1,1,1,0,0,20260825,20261231
2400011900,1,1,1,1,1,0,0,20260825,20261231
2400011930,1,1,1,1,1,0,0,20260825,20261231
2400012000,1,1,1,1,1,0,0,20260825,20261231
2400012030,1,1,1,1,1,0,0,20260825,20261231
2400012100,1,1,1,1,1,0,0,20260825,20261231
2400012130,1,1,1,1,1,0,0,20260825,20261231
2400012200,1,1,1,1,1,0,0,20260825,20261231
2400012225,1,1,1,1,1,0,0,20260825,20261231
2400020710,0,0,0,0,0,1,0,20260825,20261231
2400020730,0,0,0,0,0,1,0,20260825,20261231
2400020800,0,0,0,0,0,1,0,20260825,20261231
2400020830,0,0,0,0,0,1,0,20260825,20261231
2400020900,0,0,0,0,0,1,0,20260825,20261231
2400020930,0,0,0,0,0,1,0,20260825,20261231
2400021000,0,0,0,0,0,1,0,20260825,20261231
2400021025,0,0,0,0,0,1,0,20260825,20261231
2400021100,0,0,0,0,0,1,0,20260825,20261231
2400021130,0,0,0,0,0,1,0,20260825,20261231
2400021200,0,0,0,0,0,1,0,20260825,20261231
2400021230,0,0,0,0,0,1,0,20260825,20261231
2400021300,0,0,0,0,0,1,0,20260825,20261231
2400021330,0,0,0,0,0,1,0,20260825,20261231
2400021400,0,0,0,0,0,1,0,20260825,20261231
2400021425,0,0,0,0,0,1,0,20260825,20261231
2400021500,0,0,0,0,0,1,0,20260825,20261231
2400021530,0,0,0,0,0,1,0,20260825,20261231
2400021600,0,0,0,0,0,1,0,20260825,20261231
2400021630,0,0,0,0,0,1,0,20260825,20261231
2400021700,0,0,0,0,0,1,0,20260825,20261231
2400021730,0,0,0,0,0,1,0,20260825,20261231
2400021800,0,0,0,0,0,1,0,20260825,20261231
2400021830,0,0,0,0,0,1,0,20260825,20261231
2400021900,0,0,0,0,0,1,0,20260825,20261231
2400021930,0,0,0,0,0,1,0,20260825,20261231
2400022000,0,0,0,0,0,1,0,20260825,20261231
2400022030,0,0,0,0,0,1,0,20260825,20261231
2400022100,0,0,0,0,0,1,0,20260825,20261231
2400022130,0,0,0,0,0,1,0,20260825,20261231
2400022200,0,0,0,0,0,1,0,20260825,20261231
2400022225,0,0,0,0,0,1,0,20260825,20261231
2400030800,0,0,0,0,0,0,1,20260825,20261231
2400030830,0,0,0,0,0,0,1,20260825,20261231
2400030900,0,0,0,0,0,0,1,20260825,20261231
2400030930,0,0,0,0,0,0,1,20260825,20261231
2400031000,0,0,0,0,0,0,1,20260825,20261231
2400031030,0,0,0,0,0,0,1,20260825,20261231
2400031100,0,0,0,0,0,0,1,20260825,20261231
2400031130,0,0,0,0,0,0,1,20260825,20261231
2400031200,0,0,0,0,0,0,1,20260825,20261231
2400031230,0,0,0,0,0,0,1,20260825,20261231
2400031300,0,0,0,0,0,0,1,20260825,20261231
2400031330,0,0,0,0,0,0,1,20260825,20261231
2400031400,0,0,0,0,0,0,1,20260825,20261231
2400031425,0,0,0,0,0,0,1,20260825,20261231
2400031500,0,0,0,0,0,0,1,20260825,20261231
2400031530,0,0,0,0,0,0,1,20260825,20261231
2400031600,0,0,0,0,0,0,1,20260825,20261231
2400031630,0,0,0,0,0,0,1,20260825,20261231
2400031700,0,0,0,0,0,0,1,20260825,20261231
2400031730,0,0,0,0,0,0,1,20260825,20261231
2400031800,0,0,0,0,0,0,1,20260825,20261231
2400031830,0,0,0,0,0,0,1,20260825,20261231
2400031900,0,0,0,0,0,0,1,20260825,20261231
2400031930,0,0,0,0,0,0,1,20260825,20261231
2400032000,0,0,0,0,0,0,1,20260825,20261231
2400032030,0,0,0,0,0,0,1,20260825,20261231
2400032100,0,0,0,0,0,0,1,20260825,20261231
2400032130,0,0,0,0,0,0,1,20260825,20261231
2400032200,0,0,0,0,0,0,1,20260825,20261231
2400032225,0,0,0,0,0,0,1,20260825,20261231
2400032245,0,0,0,0,0,0,1,20260825,20261231
2400032310,0,0,0,0,0,0,1,20260825,20261231
2401010735,1,1,1,1,1,0,0,20260825,20261231
2401010800,1,1,1,1,1,0,0,20260825,20261231
2401010830,1,1,1,1,1,0,0,20260825,20261231
2401010900,1,1,1,1,1,0,0,20260825,20261231
2401010930,1,1,1,1,1,0,0,20260825,20261231
2401011000,1,1,1,1,1,0,0,20260825,20261231
2401011030,1,1,1,1,1,0,0,20260825,20261231
2401011100,1,1,1,1,1,0,0,20260825,20261231
2401011130,1,1,1,1,1,0,0,20260825,20261231
2401011200,1,1,1,1,1,0,0,20260825,20261231
2401011230,1,1,1,1,1,0,0,20260825,20261231
2401011300,1,1,1,1,1,0,0,20260825,20261231
2401011330,1,1,1,1,1,0,0,20260825,20261231
2401011400,1,1,1,1,1,0,0,20260825,20261231
2401011430,1,1,1,1,1,0,0,20260825,20261231
2401011500,1,1,1,1,1,0,0,20260825,20261231
2401011530,1,1,1,1,1,0,0,20260825,20261231
2401011600,1,1,1,1,1,0,0,20260825,20261231
2401011630,1,1,1,1,1,0,0,20260825,20261231
2401011700,1,1,1,1,1,0,0,20260825,20261231
2401011730,1,1,1,1,1,0,0,20260825,20261231
2401011800,1,1,1,1,1,0,0,20260825,20261231
2401011830,1,1,1,1,1,0,0,20260825,20261231
2401011900,1,1,1,1,1,0,0,20260825,20261231
2401011930,1,1,1,1,1,0,0,20260825,20261231
2401012000,1,1,1,1,1,0,0,20260825,20261231
2401012030,1,1,1,1,1,0,0,20260825,20261231
2401012055,1,1,1,1,1,0,0,20260825,20261231
2401012130,1,1,1,1,1,0,0,20260825,20261231
2401012200,1,1,1,1,1,0,0,20260825,20261231
2401012225,1,1,1,1,1,0,0,20260825,20261231
2401012250,1,1,1,1,1,0,0,20260825,20261231
2900010740,1,1,1,1,1,0,0,20260825,20261231
2900010804,1,1,1,1,1,0,0,20260825,20261231
2900010828,1,1,1,1,1,0,0,20260825,20261231
2900010852,1,1,1,1,1,0,0,20260825,20261231
2900010916,1,1,1,1,1,0,0,20260825,20261231
2900010940,1,1,1,1,1,0,0,20260825,20261231
2900011004,1,1,1,1,1,0,0,20260825,20261231
2900011028,1,1,1,1,1,0,0,20260825,20261231
2900011052,1,1,1,1,1,0,0,20260825,20261231
2900011116,1,1,1,1,1,0,0,20260825,20261231
2900011140,1,1,1,1,1,0,0,20260825,20261231
2900011204,1,1,1,1,1,0,0,20260825,20261231
2900011228,1,1,1,1,1,0,0,20260825,20261231
2900011252,1,1,1,1,1,0,0,20260825,20261231
2900011316,1,1,1,1,1,0,0,20260825,20261231
2900011340,1,1,1,1,1,0,0,20260825,20261231
2900011404,1,1,1,1,1,0,0,20260825,20261231
2900011428,1,1,1,1,1,0,0,20260825,20261231
2900011452,1,1,1,1,1,0,0,20260825,20261231
2900011516,1,1,1,1,1,0,0,20260825,20261231
2900011540,1,1,1,1,1,0,0,20260825,20261231
2900011604,1,1,1,1,1,0,0,20260825,20261231
2900011628,1,1,1,1,1,0,0,20260825,20261231
2900011652,1,1,1,1,1,0,0,20260825,20261231
2900011716,1,1,1,1,1,0,0,20260825,20261231
2900011740,1,1,1,1,1,0,0,20260825,20261231
2900011804,1,1,1,1,1,0,0,20260825,20261231
2900011828,1,1,1,1,1,0,0,20260825,20261231
2900011852,1,1,1,1,1,0,0,20260825,20261231
2900011916,1,1,1,1,1,0,0,20260825,20261231
2900011940,1,1,1,1,1,0,0,20260825,20261231
2900012000,1,1,1,1,1,0,0,20260825,20261231
2900012020,1,1,1,1,1,0,0,20260825,20261231
2900012040,1,1,1,1,1,0,0,20260825,20261231
2900012100,1,1,1,1,1,0,0,20260825,20261231
2900012120,1,1,1,1,1,0,0,20260825,20261231
2900012140,1,1,1,1,1,0,0,20260825,20261231
2900012200,1,1,1,1,1,0,0,20260825,20261231
2900012220,1,1,1,1,1,0,0,20260825,20261231
2900012240,1,1,1,1,1,0,0,20260825,20261231
2900020745,0,0,0,0,0,1,0,20260825,20261231
2900020805,0,0,0,0,0,1,0,20260825,20261231
2900020825,0,0,0,0,0,1,0,20260825,20261231
2900020845,0,0,0,0,0,1,0,20260825,20261231
2900020905,0,0,0,0,0,1,0,20260825,20261231
2900020925,0,0,0,0,0,1,0,20260825,20261231
2900020945,0,0,0,0,0,1,0,20260825,20261231
2900021005,0,0,0,0,0,1,0,20260825,20261231
2900021025,0,0,0,0,0,1,0,20260825,20261231
2900021045,0,0,0,0,0,1,0,20260825,20261231
2900021105,0,0,0,0,0,1,0,20260825,20261231
2900021125,0,0,0,0,0,1,0,20260825,20261231
2900021145,0,0,0,0,0,1,0,20260825,20261231
2900021205,0,0,0,0,0,1,0,20260825,20261231
2900021225,0,0,0,0,0,1,0,20260825,20261231
2900021245,0,0,0,0,0,1,0,20260825,20261231
2900021305,0,0,0,0,0,1,0,20260825,20261231
2900021325,0,0,0,0,0,1,0,20260825,20261231
2900021345,0,0,0,0,0,1,0,20260825,20261231
2900021405,0,0,0,0,0,1,0,20260825,20261231
2900021425,0,0,0,0,0,1,0,20260825,20261231
2900021445,0,0,0,0,0,1,0,20260825,20261231
2900021505,0,0,0,0,0,1,0,20260825,20261231
2900021525,0,0,0,0,0,1,0,20260825,20261231
2900021545,0,0,0,0,0,1,0,20260825,20261231
2900021605,0,0,0,0,0,1,0,20260825,20261231
2900021625,0,0,0,0,0,1,0,20260825,20261231
2900021645,0,0,0,0,0,1,0,20260825,20261231
2900021705,0,0,0,0,0,1,0,20260825,20261231
2900021725,0,0,0,0,0,1,0,20260825,20261231
2900021745,0,0,0,0,0,1,0,20260825,20261231
2900021805,0,0,0,0,0,1,0,20260825,20261231
2900021825,0,0,0,0,0,1,0,20260825,20261231
2900021845,0,0,0,0,0,1,0,20260825,20261231
2900021905,0,0,0,0,0,1,0,20260825,20261231
2900021925,0,0,0,0,0,1,0,20260825,20261231
2900021945,0,0,0,0,0,1,0,20260825,20261231
2900022005,0,0,0,0,0,1,0,20260825,20261231
2900022025,0,0,0,0,0,1,0,20260825,20261231
2900022045,0,0,0,0,0,1,0,20260825,20261231
2900022105,0,0,0,0,0,1,0,20260825,20261231
2900022125,0,0,0,0,0,1,0,20260825,20261231
2900022145,0,0,0,0,0,1,0,20260825,20261231
2900022205,0,0,0,0,0,1,0,20260825,20261231
2900022225,0,0,0,0,0,1,0,20260825,20261231
2900022245,0,0,0,0,0,1,0,20260825,20261231
2901010746,1,1,1,1,1,0,0,20260825,20261231
2901010810,1,1,1,1,1,0,0,20260825,20261231
2901010834,1,1,1,1,1,0,0,20260825,20261231
2901010858,1,1,1,1,1,0,0,20260825,20261231
2901010922,1,1,1,1,1,0,0,20260825,20261231
2901010946,1,1,1,1,1,0,0,20260825,20261231
2901011010,1,1,1,1,1,0,0,20260825,20261231
2901011034,1,1,1,1,1,0,0,20260825,20261231
2901011058,1,1,1,1,1,0,0,20260825,20261231
2901011122,1,1,1,1,1,0,0,20260825,20261231
2901011146,1,1,1,1,1,0,0,20260825,20261231
2901011210,1,1,1,1,1,0,0,20260825,20261231
2901011234,1,1,1,1,1,0,0,20260825,20261231
2901011258,1,1,1,1,1,0,0,20260825,20261231
2901011322,1,1,1,1,1,0,0,20260825,20261231
2901011346,1,1,1,1,1,0,0,20260825,20261231
2901011410,1,1,1,1,1,0,0,20260825,20261231
2901011434,1,1,1,1,1,0,0,20260825,20261231
2901011458,1,1,1,1,1,0,0,20260825,20261231
2901011522,1,1,1,1,1,0,0,20260825,20261231
2901011546,1,1,1,1,1,0,0,20260825,20261231
2901011610,1,1,1,1,1,0,0,20260825,20261231
2901011634,1,1,1,1,1,0,0,20260825,20261231
2901011658,1,1,1,1,1,0,0,20260825,20261231
2901011722,1,1,1,1,1,0,0,20260825,20261231
2901011746,1,1,1,1,1,0,0,20260825,20261231
2901011810,1,1,1,1,1,0,0,20260825,20261231
2901011834,1,1,1,1,1,0,0,20260825,20261231
2901011858,1,1,1,1,1,0,0,20260825,20261231
2901011922,1,1,1,1,1,0,0,20260825,20261231
2901011945,1,1,1,1,1,0,0,20260825,20261231
2901012005,1,1,1,1,1,0,0,20260825,20261231
2901012025,1,1,1,1,1,0,0,20260825,20261231
2901012045,1,1,1,1,1,0,0,20260825,20261231
2901012105,1,1,1,1,1,0,0,20260825,20261231
2901012125,1,1,1,1,1,0,0,20260825,20261231
2902010752,1,1,1,1,1,0,0,20260825,20261231
2902010816,1,1,1,1,1,0,0,20260825,20261231
2902010840,1,1,1,1,1,0,0,20260825,20261231
2902010904,1,1,1,1,1,0,0,20260825,20261231
2902010928,1,1,1,1,1,0,0,20260825,20261231
2902010952,1,1,1,1,1,0,0,20260825,20261231
2902011016,1,1,1,1,1,0,0,20260825,20261231
2902011040,1,1,1,1,1,0,0,20260825,20261231
2902011104,1,1,1,1,1,0,0,20260825,20261231
2902011128,1,1,1,1,1,0,0,20260825,20261231
2902011152,1,1,1,1,1,0,0,20260825,20261231
2902011216,1,1,1,1,1,0,0,20260825,20261231
2902011240,1,1,1,1,1,0,0,20260825,20261231
2902011304,1,1,1,1,1,0,0,20260825,20261231
2902011328,1,1,1,1,1,0,0,20260825,20261231
2902011352,1,1,1,1,1,0,0,20260825,20261231
2902011416,1,1,1,1,1,0,0,20260825,20261231
2902011440,1,1,1,1,1,0,0,20260825,20261231
2902011504,1,1,1,1,1,0,0,20260825,20261231
2902011528,1,1,1,1,1,0,0,20260825,20261231
2902011552,1,1,1,1,1,0,0,20260825,20261231
2902011616,1,1,1,1,1,0,0,20260825,20261231
2902011640,1,1,1,1,1,0,0,20260825,20261231
2902011704,1,1,1,1,1,0,0,20260825,20261231
2902011728,1,1,1,1,1,0,0,20260825,20261231
2902011752,1,1,1,1,1,0,0,20260825,20261231
2902011816,1,1,1,1,1,0,0,20260825,20261231
2902011840,1,1,1,1,1,0,0,20260825,20261231
2902011904,1,1,1,1,1,0,0,20260825,20261231
2902011928,1,1,1,1,1,0,0,20260825,20261231
2902011950,1,1,1,1,1,0,0,20260825,20261231
2902012010,1,1,1,1,1,0,0,20260825,20261231
2902012030,1,1,1,1,1,0,0,20260825,20261231
2902012050,1,1,1,1,1,0,0,20260825,20261231
2902012110,1,1,1,1,1,0,0,20260825,20261231
2902012130,1,1,1,1,1,0,0,20260825,20261231
2902012150,1,1,1,1,1,0,0,20260825,20261231
2902012210,1,1,1,1,1,0,0,20260825,20261231
2903010758,1,1,1,1,1,0,0,20260825,20261231
2903010822,1,1,1,1,1,0,0,20260825,20261231
2903010846,1,1,1,1,1,0,0,20260825,20261231
2903010910,1,1,1,1,1,0,0,20260825,20261231
2903010934,1,1,1,1,1,0,0,20260825,20261231
2903010958,1,1,1,1,1,0,0,20260825,20261231
2903011022,1,1,1,1,1,0,0,20260825,20261231
2903011046,1,1,1,1,1,0,0,20260825,20261231
2903011110,1,1,1,1,1,0,0,20260825,20261231
2903011134,1,1,1,1,1,0,0,20260825,20261231
2903011158,1,1,1,1,1,0,0,20260825,20261231
2903011222,1,1,1,1,1,0,0,20260825,20261231
2903011246,1,1,1,1,1,0,0,20260825,20261231
2903011310,1,1,1,1,1,0,0,20260825,20261231
2903011334,1,1,1,1,1,0,0,20260825,20261231
2903011358,1,1,1,1,1,0,0,20260825,20261231
2903011422,1,1,1,1,1,0,0,20260825,20261231
2903011446,1,1,1,1,1,0,0,20260825,20261231
2903011510,1,1,1,1,1,0,0,20260825,20261231
2903011534,1,1,1,1,1,0,0,20260825,20261231
2903011558,1,1,1,1,1,0,0,20260825,20261231
2903011622,1,1,1,1,1,0,0,20260825,20261231
2903011646,1,1,1,1,1,0,0,20260825,20261231
2903011710,1,1,1,1,1,0,0,20260825,20261231
2903011734,1,1,1,1,1,0,0,20260825,20261231
2903011758,1,1,1,1,1,0,0,20260825,20261231
2903011822,1,1,1,1,1,0,0,20260825,20261231
2903011846,1,1,1,1,1,0,0,20260825,20261231
2903011910,1,1,1,1,1,0,0,20260825,20261231
2903011934,1,1,1,1,1,0,0,20260825,20261231
2903011955,1,1,1,1,1,0,0,20260825,20261231
2903012015,1,1,1,1,1,0,0,20260825,20261231
2903012035,1,1,1,1,1,0,0,20260825,20261231
2903012055,1,1,1,1,1,0,0,20260825,20261231
2903012115,1,1,1,1,1,0,0,20260825,20261231
2903012135,1,1,1,1,1,0,0,20260825,20261231
2904010804,1,1,1,1,1,0,0,20260825,20261231
2904010828,1,1,1,1,1,0,0,20260825,20261231
2904010852,1,1,1,1,1,0,0,20260825,20261231
2904010916,1,1,1,1,1,0,0,20260825,20261231
2904010940,1,1,1,1,1,0,0,20260825,20261231
2904011004,1,1,1,1,1,0,0,20260825,20261231
2904011028,1,1,1,1,1,0,0,20260825,20261231
2904011052,1,1,1,1,1,0,0,20260825,20261231
2904011116,1,1,1,1,1,0,0,20260825,20261231
2904011140,1,1,1,1,1,0,0,20260825,20261231
2904011204,1,1,1,1,1,0,0,20260825,20261231
2904011228,1,1,1,1,1,0,0,20260825,20261231
2904011252,1,1,1,1,1,0,0,20260825,20261231
2904011316,1,1,1,1,1,0,0,20260825,20261231
2904011340,1,1,1,1,1,0,0,20260825,20261231
2904011404,1,1,1,1,1,0,0,20260825,20261231
2904011428,1,1,1,1,1,0,0,20260825,20261231
2904011452,1,1,1,1,1,0,0,20260825,20261231
2904011516,1,1,1,1,1,0,0,20260825,20261231
2904011540,1,1,1,1,1,0,0,20260825,20261231
2904011604,1,1,1,1,1,0,0,20260825,20261231
2904011628,1,1,1,1,1,0,0,20260825,20261231
2904011652,1,1,1,1,1,0,0,20260825,20261231
2904011716,1,1,1,1,1,0,0,20260825,20261231
2904011740,1,1,1,1,1,0,0,20260825,20261231
2904011804,1,1,1,1,1,0,0,20260825,20261231
2904011828,1,1,1,1,1,0,0,20260825,20261231
2904011852,1,1,1,1,1,0,0,20260825,20261231
2904011916,1,1,1,1,1,0,0,20260825,20261231
2904011940,1,1,1,1,1,0,0,20260825,20261231
2904012000,1,1,1,1,1,0,0,20260825,20261231
2904012020,1,1,1,1,1,0,0,20260825,20261231
2904012040,1,1,1,1,1,0,0,20260825,20261231
2904012100,1,1,1,1,1,0,0,20260825,20261231
2904012120,1,1,1,1,1,0,0,20260825,20261231
2904012140,1,1,1,1,1,0,0,20260825,20261231
2904012200,1,1,1,1,1,0,0,20260825,20261231
2904012220,1,1,1,1,1,0,0,20260825,20261231
2905010810,1,1,1,1,1,0,0,20260825,20261231
2905010834,1,1,1,1,1,0,0,20260825,20261231
2905010858,1,1,1,1,1,0,0,20260825,20261231
2905010922,1,1,1,1,1,0,0,20260825,20261231
2905010946,1,1,1,1,1,0,0,20260825,20261231
2905011010,1,1,1,1,1,0,0,20260825,20261231
2905011034,1,1,1,1,1,0,0,20260825,20261231
2905011058,1,1,1,1,1,0,0,20260825,20261231
2905011122,1,1,1,1,1,0,0,20260825,20261231
2905011146,1,1,1,1,1,0,0,20260825,20261231
2905011210,1,1,1,1,1,0,0,20260825,20261231
2905011234,1,1,1,1,1,0,0,20260825,20261231
2905011258,1,1,1,1,1,0,0,20260825,20261231
2905011322,1,1,1,1,1,0,0,20260825,20261231
2905011346,1,1,1,1,1,0,0,20260825,20261231
2905011410,1,1,1,1,1,0,0,20260825,20261231
2905011434,1,1,1,1,1,0,0,20260825,20261231
2905011458,1,1,1,1,1,0,0,20260825,20261231
2905011522,1,1,1,1,1,0,0,20260825,20261231
2905011546,1,1,1,1,1,0,0,20260825,20261231
2905011610,1,1,1,1,1,0,0,20260825,20261231
2905011634,1,1,1,1,1,0,0,20260825,20261231
2905011658,1,1,1,1,1,0,0,20260825,20261231
2905011722,1,1,1,1,1,0,0,20260825,20261231
2905011746,1,1,1,1,1,0,0,20260825,20261231
2905011810,1,1,1,1,1,0,0,20260825,20261231
2905011834,1,1,1,1,1,0,0,20260825,20261231
2905011858,1,1,1,1,1,0,0,20260825,20261231
2905011922,1,1,1,1,1,0,0,20260825,20261231
2905011945,1,1,1,1,1,0,0,20260825,20261231
2905012005,1,1,1,1,1,0,0,20260825,20261231
2905012025,1,1,1,1,1,0,0,20260825,20261231
2905012045,1,1,1,1,1,0,0,20260825,20261231
2905012105,1,1,1,1,1,0,0,20260825,20261231
2906010816,1,1,1,1,1,0,0,20260825,20261231
2906010840,1,1,1,1,1,0,0,20260825,20261231
2906010904,1,1,1,1,1,0,0,20260825,20261231
2906010928,1,1,1,1,1,0,0,20260825,20261231
2906010952,1,1,1,1,1,0,0,20260825,20261231
2906011016,1,1,1,1,1,0,0,20260825,20261231
2906011040,1,1,1,1,1,0,0,20260825,20261231
2906011104,1,1,1,1,1,0,0,20260825,20261231
2906011128,1,1,1,1,1,0,0,20260825,20261231
2906011152,1,1,1,1,1,0,0,20260825,20261231
2906011216,1,1,1,1,1,0,0,20260825,20261231
2906011240,1,1,1,1,1,0,0,20260825,20261231
2906011304,1,1,1,1,1,0,0,20260825,20261231
2906011328,1,1,1,1,1,0,0,20260825,20261231
2906011352,1,1,1,1,1,0,0,20260825,20261231
2906011416,1,1,1,1,1,0,0,20260825,20261231
2906011440,1,1,1,1,1,0,0,20260825,20261231
2906011504,1,1,1,1,1,0,0,20260825,20261231
2906011528,1,1,1,1,1,0,0,20260825,20261231
2906011552,1,1,1,1,1,0,0,20260825,20261231
2906011616,1,1,1,1,1,0,0,20260825,20261231
2906011640,1,1,1,1,1,0,0,20260825,20261231
2906011704,1,1,1,1,1,0,0,20260825,20261231
2906011728,1,1,1,1,1,0,0,20260825,20261231
2906011752,1,1,1,1,1,0,0,20260825,20261231
2906011816,1,1,1,1,1,0,0,20260825,20261231
2906011840,1,1,1,1,1,0,0,20260825,20261231
2906011904,1,1,1,1,1,0,0,20260825,20261231
2906011928,1,1,1,1,1,0,0,20260825,20261231
2906011950,1,1,1,1,1,0,0,20260825,20261231
2906012010,1,1,1,1,1,0,0,20260825,20261231
2906012030,1,1,1,1,1,0,0,20260825,20261231
2906012050,1,1,1,1,1,0,0,20260825,20261231
2906012110,1,1,1,1,1,0,0,20260825,20261231
2906012130,1,1,1,1,1,0,0,20260825,20261231
2906012150,1,1,1,1,1,0,0,20260825,20261231
2907010822,1,1,1,1,1,0,0,20260825,20261231
2907010846,1,1,1,1,1,0,0,20260825,20261231
2907010910,1,1,1,1,1,0,0,20260825,20261231
2907010934,1,1,1,1,1,0,0,20260825,20261231
2907010958,1,1,1,1,1,0,0,20260825,20261231
2907011022,1,1,1,1,1,0,0,20260825,20261231
2907011046,1,1,1,1,1,0,0,20260825,20261231
2907011110,1,1,1,1,1,0,0,20260825,20261231
2907011134,1,1,1,1,1,0,0,20260825,20261231
2907011158,1,1,1,1,1,0,0,20260825,20261231
2907011222,1,1,1,1,1,0,0,20260825,20261231
2907011246,1,1,1,1,1,0,0,20260825,20261231
2907011310,1,1,1,1,1,0,0,20260825,20261231
2907011334,1,1,1,1,1,0,0,20260825,20261231
2907011358,1,1,1,1,1,0,0,20260825,20261231
2907011422,1,1,1,1,1,0,0,20260825,20261231
2907011446,1,1,1,1,1,0,0,20260825,20261231
2907011510,1,1,1,1,1,0,0,20260825,20261231
2907011534,1,1,1,1,1,0,0,20260825,20261231
2907011558,1,1,1,1,1,0,0,20260825,20261231
2907011622,1,1,1,1,1,0,0,20260825,20261231
2907011646,1,1,1,1,1,0,0,20260825,20261231
2907011710,1,1,1,1,1,0,0,20260825,20261231
2907011734,1,1,1,1,1,0,0,20260825,20261231
2907011758,1,1,1,1,1,0,0,20260825,20261231
2907011822,1,1,1,1,1,0,0,20260825,20261231
2907011846,1,1,1,1,1,0,0,20260825,20261231
2907011910,1,1,1,1,1,0,0,20260825,20261231
2907011934,1,1,1,1,1,0,0,20260825,20261231
2907011955,1,1,1,1,1,0,0,20260825,20261231
2907012015,1,1,1,1,1,0,0,20260825,20261231
2907012035,1,1,1,1,1,0,0,20260825,20261231
2907012055,1,1,1,1,1,0,0,20260825,20261231
2907012115,1,1,1,1,1,0,0,20260825,20261231
